abalone,loanable,,,,,,,,,,,,,
ably,blabby,,,,,,,,,,,,,
abort,tabor,,,,,,,,,,,,,
academia,academic,,,,,,,,,,,,,
acai,acacia,,,,,,,,,,,,,
acceptance,pancetta,,,,,,,,,,,,,
acne,cane,,,,,,,,,,,,,
acronym,monocracy,,,,,,,,,,,,,
acquit,aquatic,,,,,,,,,,,,,
acted,cadet,,,,,,,,,,,,,
actual,tactual,,,,,,,,,,,,,
acute,actuate,,,,,,,,,,,,,
adamancy,candyman,,,,,,,,,,,,,
adaptation,adoption,,,,,,,,,,,,,
adaptor,trapdoor,,,,,,,,,,,,,
added,dead,,,,,,,,,,,,,
addition,donation,,,,,,,,,,,,,
adenine,nannied,,,,,,,,,,,,,
admit,dammit,,,,,,,,,,,,,
adorably,broadly,,,,,,,,,,,,,
advent,vendetta,,,,,,,,,,,,,
affect,facet,,,,,,,,,,,,,
affinity,tiffany,,,,,,,,,,,,,
agar,raga,,,,,,,,,,,,,
ageing,engaging,,,,,,,,,,,,,
agelong,galleon,,,,,,,,,,,,,
agile,illegal,,,,,,,,,,,,,
agitator,irrigator,,,,,,,,,,,,,
ahoy,yahoo,,,,,,,,,,,,,
airboat,arbitrator,,,,,,,,,,,,,
ajar,raja,,,,,,,,,,,,,
alexia,axillae,,,,,,,,,,,,,
alien,lineal,,,,,,,,,,,,,
alleviate,levitate,,,,,,,,,,,,,
alliance,cannellini,,,,,,,,,,,,,
alligator,litigator,,,,,,,,,,,,,
allow,wallow,,,,,,,,,,,,,
ally,allay,,,,,,,,,,,,,
alpine,pineapple,,,,,,,,,,,,,
aloud,doula,,,,,,,,,,,,,
alright,arthralgia,,,,,,,,,,,,,
alumna,manual,,,,,,,,,,,,,
ambiance,ambience,,,,,,,,,,,,,
ambition,abomination,,,,,,,,,,,,,
amiable,mailable,,,,,,,,,,,,,
amid,maid,,,,,,,,,,,,,
ammo,momma,,,,,,,,,,,,,
amok,mako,,,,,,,,,,,,,
amped,damped,,,,,,,,,,,,,
ample,maple,,,,,,,,,,,,,
amply,palmy,,,,,,,,,,,,,
anal,annal,,,,,,,,,,,,,
ancho,nacho,,,,,,,,,,,,,
angular,granular,,,,,,,,,,,,,
anionic,canonic,,,,,,,,,,,,,
annulling,unilingual,,,,,,,,,,,,,
anorak,krona,,,,,,,,,,,,,
anthill,inhalant,,,,,,,,,,,,,
antitoxin,taxation,,,,,,,,,,,,,
aortic,ricotta,,,,,,,,,,,,,
apeman,penman,,,,,,,,,,,,,
apiary,papyri,,,,,,,,,,,,,
apiece,ipecac,,,,,,,,,,,,,
applicable,clippable,,,,,,,,,,,,,
aptly,patly,,,,,,,,,,,,,
arbitrary,barbarity,,,,,,,,,,,,,
arch,char,,,,,,,,,,,,,
arco,orca,,,,,,,,,,,,,
arguably,burglary,,,,,,,,,,,,,
armload,malodor,,,,,,,,,,,,,
armpit,impart,,,,,,,,,,,,,
around,runaround,,,,,,,,,,,,,
artfully,trayful,,,,,,,,,,,,,
arthritic,cathartic,,,,,,,,,,,,,
attaboy,batboy,,,,,,,,,,,,,
atop,potato,,,,,,,,,,,,,
aught,taught,,,,,,,,,,,,,
aural,rural,,,,,,,,,,,,,
automat,automata,,,,,,,,,,,,,
autumn,mutant,,,,,,,,,,,,,
autumnal,tantalum,,,,,,,,,,,,,
avenge,vegan,,,,,,,,,,,,,
avid,diva,,,,,,,,,,,,,
avidly,validly,,,,,,,,,,,,,
awry,wary,,,,,,,,,,,,,
axial,axilla,,,,,,,,,,,,,
bacilli,biblical,,,,,,,,,,,,,
back,aback,,,,,,,,,,,,,
backlot,bootblack,,,,,,,,,,,,,
backward,drawback,,,,,,,,,,,,,
bagatelle,gettable,,,,,,,,,,,,,
baggy,gabby,,,,,,,,,,,,,
bait,tibia,,,,,,,,,,,,,
bald,ballad,,,,,,,,,,,,,
baleen,enable,,,,,,,,,,,,,
balked,lakebed,,,,,,,,,,,,,
ball,blab,,,,,,,,,,,,,
ballroom,broomball,,,,,,,,,,,,,
banc,cabana,,,,,,,,,,,,,
bandeau,unbanned,,,,,,,,,,,,,
barrack,barback,,,,,,,,,,,,,
barrio,arborio,,,,,,,,,,,,,
bathing,inhabiting,,,,,,,,,,,,,
baton,nanobot,,,,,,,,,,,,,
baud,daub,,,,,,,,,,,,,
beanie,biennia,,,,,,,,,,,,,
beanpole,openable,,,,,,,,,,,,,
beaut,bateau,,,,,,,,,,,,,
befell,en/feeble,,,,,,,,,,,,,
belay,eyeball,,,,,,,,,,,,,
belatedly,debatably,,,,,,,,,,,,,
bell,belle,,,,,,,,,,,,,
belling,negligible,,,,,,,,,,,,,
biennial,inalienable,,,,,,,,,,,,,
bifold,billfold,,,,,,,,,,,,,
billet,belittle,,,,,,,,,,,,,
bind,bindi,,,,,,,,,,,,,
biotin,bonito,,,,,,,,,,,,,
biplane,plebeian,,,,,,,,,,,,,
bird,drib,,,,,,,,,,,,,
blanked,kneadable,,,,,,,,,,,,,
blat,tabla,,,,,,,,,,,,,
bloat,ballot,,,,,,,,,,,,,
blog,glob,,,,,,,,,,,,,
bluefin,unbelief,,,,,,,,,,,,,
boar,arbor,,,,,,,,,,,,,
boatel,oblate,,,,,,,,,,,,,
boba,baobab,,,,,,,,,,,,,
bock,cookbook,,,,,,,,,,,,,
bodice,biocide,,,,,,,,,,,,,
bong,bongo,,,,,,,,,,,,,
bonk,knob,,,,,,,,,,,,,
boob,booboo,,,,,,,,,,,,,
bookwork,workbook,,,,,,,,,,,,,
bootjack,jackboot,,,,,,,,,,,,,
braggy,grabby,,,,,,,,,,,,,
braid,rabid,,,,,,,,,,,,,
brain,barbarian,,,,,,,,,,,,,
byroad,bodyboard,,,,,,,,,,,,,
broth,throb,,,,,,,,,,,,,
budded,dubbed,,,,,,,,,,,,,
bulb,bull,,,,,,,,,,,,,
bulletin,ebullient,,,,,,,,,,,,,
bunny,nubby,,,,,,,,,,,,,
burg,grub,,,,,,,,,,,,,
burping,upbringing,,,,,,,,,,,,,
cabal,cabala,,,,,,,,,,,,,
cabby,abbacy,,,,,,,,,,,,,
caboodle,codable,,,,,,,,,,,,,
calcify,facially,,,,,,,,,,,,,
calculator,coloratura,,,,,,,,,,,,,
calmly,clammy,,,,,,,,,,,,,
camellia,malice,,,,,,,,,,,,,
canna,cancan,,,,,,,,,,,,,
canoe,ocean,,,,,,,,,,,,,
canon,cannon,,,,,,,,,,,,,
canopic,poinciana,,,,,,,,,,,,,
cant,cantata,,,,,,,,,,,,,
capable,peaceable,,,,,,,,,,,,,
caplet,placate,,,,,,,,,,,,,
captaincy,incapacity,,,,,,,,,,,,,
carb,crab,,,,,,,,,,,,,
carbon,carbonara,,,,,,,,,,,,,
carding,cardigan,,,,,,,,,,,,,
carload,collard,,,,,,,,,,,,,
carom,macro,,,,,,,,,,,,,
carpi,priapic,,,,,,,,,,,,,
carrion,ocarina,,,,,,,,,,,,,
carryout,autocracy,,,,,,,,,,,,,
cartload,doctoral,,,,,,,,,,,,,
caveat,vacate,,,,,,,,,,,,,
cede,ceded,,,,,,,,,,,,,
ceiling,negligence,,,,,,,,,,,,,
chair,archaic,,,,,,,,,,,,,
chance,enhance,,,,,,,,,,,,,
change,ganache,,,,,,,,,,,,,
channeled,dancehall,,,,,,,,,,,,,
chart,catarrh,,,,,,,,,,,,,
cheap,peach,,,,,,,,,,,,,
checkable,hackable,,,,,,,,,,,,,
chic,chichi,,,,,,,,,,,,,
chicle,cliche,,,,,,,,,,,,,
chignon,gnocchi,,,,,,,,,,,,,
child,cichlid,,,,,,,,,,,,,
chili,chill,,,,,,,,,,,,,
chilled,cliched,,,,,,,,,,,,,
chilly,chicly,,,,,,,,,,,,,
choice,echoic,,,,,,,,,,,,,
choir,ichor,,,,,,,,,,,,,
choirgirl,horologic,,,,,,,,,,,,,
churn,crunch,,,,,,,,,,,,,
cinnamon,monomaniac,,,,,,,,,,,,,
citing,inciting,,,,,,,,,,,,,
citric,critic,,,,,,,,,,,,,
claimant,anticlimactic,,,,,,,,,,,,,
clap,alpaca,,,,,,,,,,,,,
clarify,farcically,,,,,,,,,,,,,
clef,fleece,,,,,,,,,,,,,
clementine,inclement,,,,,,,,,,,,,
clenching,leeching,,,,,,,,,,,,,
climatic,climactic,,,,,,,,,,,,,
climb,limbic,,,,,,,,,,,,,
clinical,clinician,,,,,,,,,,,,,
cloned,condolence,,,,,,,,,,,,,
clove,coevolve,,,,,,,,,,,,,
clue,cellule,,,,,,,,,,,,,
clunked,knuckled,,,,,,,,,,,,,
coagulum,glaucoma,,,,,,,,,,,,,
coatroom,motorcar,,,,,,,,,,,,,
coauthor,cutthroat,,,,,,,,,,,,,
coax,coxa,,,,,,,,,,,,,
codon,condo,,,,,,,,,,,,,
cognate,cotangent,,,,,,,,,,,,,
coho,hooch,,,,,,,,,,,,,
coif,foci,,,,,,,,,,,,,
coinciding,condoning,,,,,,,,,,,,,
coir,croci,,,,,,,,,,,,,
colloid,codicil,,,,,,,,,,,,,
colorant,contralto,,,,,,,,,,,,,
comb,combo,,,,,,,,,,,,,
command,commando,,,,,,,,,,,,,
common,noncom,,,,,,,,,,,,,
commotion,monotonic,,,,,,,,,,,,,
compile,polemic,,,,,,,,,,,,,
conch,honcho,,,,,,,,,,,,,
condition,diction,,,,,,,,,,,,,
conductor,nonconductor,,,,,,,,,,,,,
conflict,infliction,,,,,,,,,,,,,
conga,cognac,,,,,,,,,,,,,
contour,crouton,,,,,,,,,,,,,
convivial,volcanic,,,,,,,,,,,,,
cool,loco,,,,,,,,,,,,,
corn,croon,,,,,,,,,,,,,
cote,octet,,,,,,,,,,,,,
cotillion,octillion,,,,,,,,,,,,,
cottage,ecotage,,,,,,,,,,,,,
cotton,concoct,,,,,,,,,,,,,
council,uncoil,,,,,,,,,,,,,
councilor,unicolor,,,,,,,,,,,,,
count,coconut,,,,,,,,,,,,,
couth,touch,,,,,,,,,,,,,
coyote,oocyte,,,,,,,,,,,,,
crabby,crybaby,,,,,,,,,,,,,
cram,maraca,,,,,,,,,,,,,
crack,rack,,,,,,,,,,,,,
crick,rick,,,,,,,,,,,,,
cringing,ricing,,,,,,,,,,,,,
cringy,crying,,,,,,,,,,,,,
croc,rococo,,,,,,,,,,,,,
cuing,cunning,,,,,,,,,,,,,
curacy,accuracy,,,,,,,,,,,,,
curtain,taciturn,,,,,,,,,,,,,
cutdown,countdown,,,,,,,,,,,,,
cuttle,cutlet,,,,,,,,,,,,,
cyan,canny,,,,,,,,,,,,,
cyclic,icily,,,,,,,,,,,,,
daphne,happened,,,,,,,,,,,,,
dapping,padding,,,,,,,,,,,,,
darn,rand,,,,,,,,,,,,,
dawn,wand,,,,,,,,,,,,,
daylit,tidally,,,,,,,,,,,,,
deathly,heatedly,,,,,,,,,,,,,
deceiving,evidencing,,,,,,,,,,,,,
decent,decedent,,,,,,,,,,,,,
deficient,infected,,,,,,,,,,,,,
deficit,citified,,,,,,,,,,,,,
deft,feted,,,,,,,,,,,,,
deify,edify,,,,,,,,,,,,,
dell,lede,,,,,,,,,,,,,
demon,mooned,,,,,,,,,,,,,
deveining,vending,,,,,,,,,,,,,
diamond,domain,,,,,,,,,,,,,
diatomic,idiomatic,,,,,,,,,,,,,
died,eddied,,,,,,,,,,,,,
dilation,additional,,,,,,,,,,,,,
dimity,timidity,,,,,,,,,,,,,
diode,iodide,,,,,,,,,,,,,
dipping,pidgin,,,,,,,,,,,,,
ditto,idiot,,,,,,,,,,,,,
ditty,tidy,,,,,,,,,,,,,
divot,vidiot,,,,,,,,,,,,,
doff,food,,,,,,,,,,,,,
dolly,oddly,,,,,,,,,,,,,
dolma,modal,,,,,,,,,,,,,
domino,dominion,,,,,,,,,,,,,
donating,indignation,,,,,,,,,,,,,
donor,rondo,,,,,,,,,,,,,
doormat,matador,,,,,,,,,,,,,
doornail,ordinal,,,,,,,,,,,,,
dormant,mordant,,,,,,,,,,,,,
doxed,doxxed,,,,,,,,,,,,,
doyen,doyenne,,,,,,,,,,,,,
dozing,iodizing,,,,,,,,,,,,,
dragon,dragoon,,,,,,,,,,,,,
drum,durum,,,,,,,,,,,,,
dulling,indulging,,,,,,,,,,,,,
dunce,unceded,,,,,,,,,,,,,
dyad,daddy,,,,,,,,,,,,,
dyeing,eddying,,,,,,,,,,,,,
ebbed,bedded,,,,,,,,,,,,,
echinacea,enchain,,,,,,,,,,,,,
economic,mnemonic,,,,,,,,,,,,,
eely,yell,,,,,,,,,,,,,
effectual,fluctuate,,,,,,,,,,,,,
effluence,feculence,,,,,,,,,,,,,
eggplant,plangent,,,,,,,,,,,,,
ejection,injection,,,,,,,,,,,,,
elect,electee,,,,,,,,,,,,,
elephant,pentathlete,,,,,,,,,,,,,
elicit,eclectic,,,,,,,,,,,,,
endgame,managed,,,,,,,,,,,,,
engulfed,unfledged,,,,,,,,,,,,,
entail,alienate,,,,,,,,,,,,,
entice,incite,,,,,,,,,,,,,
enticing,genetic,,,,,,,,,,,,,
epee,peep,,,,,,,,,,,,,
epic,piece,,,,,,,,,,,,,
epicene,incipience,,,,,,,,,,,,,
etch,tech,,,,,,,,,,,,,
ethanol,nonlethal,,,,,,,,,,,,,
ethical,athletic,,,,,,,,,,,,,
ethology,theology,,,,,,,,,,,,,
evicted,detective,,,,,,,,,,,,,
exact,exacta,,,,,,,,,,,,,
expel,expellee,,,,,,,,,,,,,
extenuated,untaxed,,,,,,,,,,,,,
facelift,facilitate,,,,,,,,,,,,,
facile,icefall,,,,,,,,,,,,,
fairly,frailly,,,,,,,,,,,,,
fairy,friary,,,,,,,,,,,,,
fall,alfalfa,,,,,,,,,,,,,
fallen,flannel,,,,,,,,,,,,,
fallible,fillable,,,,,,,,,,,,,
familial,flimflam,,,,,,,,,,,,,
fantail,tailfin,,,,,,,,,,,,,
faring,fragging,,,,,,,,,,,,,
farrow,foofaraw,,,,,,,,,,,,,
fatty,taffy,,,,,,,,,,,,,
faucet,effectuate,,,,,,,,,,,,,
fault,flauta,,,,,,,,,,,,,
fetid,fitted,,,,,,,,,,,,,
fictive,effective,,,,,,,,,,,,,
fief,fife,,,,,,,,,,,,,
filename,inflame,,,,,,,,,,,,,
final,finial,,,,,,,,,,,,,
fining,fifing,,,,,,,,,,,,,
flip,fillip,,,,,,,,,,,,,
flippant,plaintiff,,,,,,,,,,,,,
flipping,piffling,,,,,,,,,,,,,
flog,golf,,,,,,,,,,,,,
flopping,flipflopping,,,,,,,,,,,,,
flora,floral,,,,,,,,,,,,,
flounce,confluence,,,,,,,,,,,,,
flue,fuel,,,,,,,,,,,,,
flung,lungful,,,,,,,,,,,,,
foggily,goofily,,,,,,,,,,,,,
fogging,goofing,,,,,,,,,,,,,
foil,folio,,,,,,,,,,,,,
form,from,,,,,,,,,,,,,
fought,outfought,,,,,,,,,,,,,
fount,futon,,,,,,,,,,,,,
frantic,antiaircraft,,,,,,,,,,,,,
fray,affray,,,,,,,,,,,,,
frittata,tariff,,,,,,,,,,,,,
frog,forgo,,,,,,,,,,,,,
frolic,colorific,,,,,,,,,,,,,
frug,gruff,,,,,,,,,,,,,
fugu,guff,,,,,,,,,,,,,
galop,gallop,,,,,,,,,,,,,
gamma,magma,,,,,,,,,,,,,
gauging,iguana,,,,,,,,,,,,,
gaunt,untag,,,,,,,,,,,,,
gazillion,analogizing,,,,,,,,,,,,,
gentle(d),genteel,,,,,,,,,,,,,
gentleman,entanglement,,,,,,,,,,,,,
genuine,ingenue,,,,,,,,,,,,,
ginkgo,oinking,,,,,,,,,,,,,
girth,right,,,,,,,,,,,,,
give,veggie,,,,,,,,,,,,,
glam,amalgam,,,,,,,,,,,,,
glamor,logogram,,,,,,,,,,,,,
glance,elegance,,,,,,,,,,,,,
glaze,gazelle,,,,,,,,,,,,,
gleam,agleam,,,,,,,,,,,,,
glee,gelee,,,,,,,,,,,,,
global,boogaloo,,,,,,,,,,,,,
glom,gloom,,,,,,,,,,,,,
gloop(y),glop(py),,,,,,,,,,,,,
glute,gullet,,,,,,,,,,,,,
glycogen,gynecology,,,,,,,,,,,,,
gnarl,raglan,,,,,,,,,,,,,
gnat,tang,,,,,,,,,,,,,
gnome,genome,,,,,,,,,,,,,
goatee,geotag,,,,,,,,,,,,,
gone,eggnog,,,,,,,,,,,,,
gonna,nonagon,,,,,,,,,,,,,
good,doggo,,,,,,,,,,,,,
goodnight,hotdogging,,,,,,,,,,,,,
grandpa,grandpapa,,,,,,,,,,,,,
grandpop,propaganda,,,,,,,,,,,,,
gran,rang,,,,,,,,,,,,,
grifting,rifting,,,,,,,,,,,,,
grip,prig,,,,,,,,,,,,,
ground,unground,,,,,,,,,,,,,
grout,rotgut,,,,,,,,,,,,,
grubby,rugby,,,,,,,,,,,,,
grumping,umpiring,,,,,,,,,,,,,
guard,durag,,,,,,,,,,,,,
gumming,mugging,,,,,,,,,,,,,
gunman,magnum,,,,,,,,,,,,,
gyrating,tarrying,,,,,,,,,,,,,
habit,habitat,,,,,,,,,,,,,
hairpin,piranha,,,,,,,,,,,,,
hale,heal,,,,,,,,,,,,,
halibut,habitual,,,,,,,,,,,,,
hall,halal,,,,,,,,,,,,,
halo,aloha,,,,,,,,,,,,,
halt,lath,,,,,,,,,,,,,
handed,hennaed,,,,,,,,,,,,,
handling,highland,,,,,,,,,,,,,
hamming,gingham,,,,,,,,,,,,,
happen,peahen,,,,,,,,,,,,,
haptic,chapati,,,,,,,,,,,,,
hardtop,arthropod,,,,,,,,,,,,,
harm,haram,,,,,,,,,,,,,
hart,arhat,,,,,,,,,,,,,
hateful,healthful,,,,,,,,,,,,,
haul,hula,,,,,,,,,,,,,
haunt,unhat,,,,,,,,,,,,,
have,heave,,,,,,,,,,,,,
hawed,heehawed,,,,,,,,,,,,,
headphone,openhanded,,,,,,,,,,,,,
heady,heyday,,,,,,,,,,,,,
healthy,lethally,,,,,,,,,,,,,
heed,heeded,,,,,,,,,,,,,
heeltap,telepath,,,,,,,,,,,,,
hegemony,homogeny,,,,,,,,,,,,,
hell,heel,,,,,,,,,,,,,
hiccuped,hiccupped,,,,,,,,,,,,,
hide,hied,,,,,,,,,,,,,
hilt,tilth,,,,,,,,,,,,,
holey,eyehole,,,,,,,,,,,,,
holy,holly,,,,,,,,,,,,,
hometown,townhome,,,,,,,,,,,,,
homonym,homonymy,,,,,,,,,,,,,
homophonic,monophonic,,,,,,,,,,,,,
hood,hoodoo,,,,,,,,,,,,,
hoop,pooh,,,,,,,,,,,,,
hooray,hoary,,,,,,,,,,,,,
hoot,tooth,,,,,,,,,,,,,
horn,honor,,,,,,,,,,,,,
hotline,neolith,,,,,,,,,,,,,
humidified,dehumidified,,,,,,,,,,,,,
hump,humph,,,,,,,,,,,,,
hung,unhung,,,,,,,,,,,,,
hypo,hoppy,,,,,,,,,,,,,
idol,dildo,,,,,,,,,,,,,
igloo,gigolo,,,,,,,,,,,,,
illegally,agilely,,,,,,,,,,,,,
illy,lily,,,,,,,,,,,,,
imam,maim,,,,,,,,,,,,,
imitate,teatime,,,,,,,,,,,,,
imitator,moratoria,,,,,,,,,,,,,
impel,pimple,,,,,,,,,,,,,
incentive,invective,,,,,,,,,,,,,
incline,lenience,,,,,,,,,,,,,
ineffable,infallible,,,,,,,,,,,,,
inhabit,inhabitant,,,,,,,,,,,,,
inhalation,annihilation,,,,,,,,,,,,,
initiate,innate,,,,,,,,,,,,,
initialize,tantalize,,,,,,,,,,,,,
inlaid,inland,,,,,,,,,,,,,
innovating,navigation,,,,,,,,,,,,,
into,notion,,,,,,,,,,,,,
intuitive,unitive,,,,,,,,,,,,,
invade,invaded,,,,,,,,,,,,,
javelin,javelina,,,,,,,,,,,,,
jiggling,jingling,,,,,,,,,,,,,
kart,karat,,,,,,,,,,,,,
keel,leek,,,,,,,,,,,,,
keen(ed),knee(d),,,,,,,,,,,,,
kepi,pike,,,,,,,,,,,,,
keto,toke,,,,,,,,,,,,,
kinetic,necktie,,,,,,,,,,,,,
koala,kola,,,,,,,,,,,,,
kronor,kroon,,,,,,,,,,,,,
labor,rollbar,,,,,,,,,,,,,
lacuna,cannula,,,,,,,,,,,,,
lady,dally,,,,,,,,,,,,,
lancet,tentacle,,,,,,,,,,,,,
lapidary,rapidly,,,,,,,,,,,,,
larrup,plural,,,,,,,,,,,,,
larva,larval,,,,,,,,,,,,,
lately,layette,,,,,,,,,,,,,
latke,teakettle,,,,,,,,,,,,,
layoff,aloofly,,,,,,,,,,,,,
leafed,deadfall,,,,,,,,,,,,,
lech,leech,,,,,,,,,,,,,
leggy,elegy,,,,,,,,,,,,,
lent,nettle,,,,,,,,,,,,,
letup,pullet,,,,,,,,,,,,,
levee,level,,,,,,,,,,,,,
licit,illicit,,,,,,,,,,,,,
liege,giggle,,,,,,,,,,,,,
light,highlight,,,,,,,,,,,,,
limned,middlemen,,,,,,,,,,,,,
limo,moil,,,,,,,,,,,,,
linocut,locution,,,,,,,,,,,,,
linty,tinily,,,,,,,,,,,,,
lipoma,papilloma,,,,,,,,,,,,,
littleneck,telekinetic,,,,,,,,,,,,,
lividly,vividly,,,,,,,,,,,,,
loach,alcohol,,,,,,,,,,,,,
loam,moola,,,,,,,,,,,,,
loan,llano,,,,,,,,,,,,,
lobe,bobble,,,,,,,,,,,,,
locator,allocator,,,,,,,,,,,,,
logo,googol,,,,,,,,,,,,,
lone,noel,,,,,,,,,,,,,
long,oolong,,,,,,,,,,,,,
lookout,outlook,,,,,,,,,,,,,
loom,moll,,,,,,,,,,,,,
loophole,peephole,,,,,,,,,,,,,
loveably,volleyball,,,,,,,,,,,,,
loyalty,totally,,,,,,,,,,,,,
lucidity,ductility,,,,,,,,,,,,,
lull,lulu,,,,,,,,,,,,,
lunched,unclenched,,,,,,,,,,,,,
lunge,unglue,,,,,,,,,,,,,
luteal,ululate,,,,,,,,,,,,,
machining,chimichanga,,,,,,,,,,,,,
macho,mocha,,,,,,,,,,,,,
madly,malady,,,,,,,,,,,,,
maillot,tomatillo,,,,,,,,,,,,,
mainland,midland,,,,,,,,,,,,,
major,marjoram,,,,,,,,,,,,,
mama,mamma,,,,,,,,,,,,,
mambo,bamboo,,,,,,,,,,,,,
mange,manage,,,,,,,,,,,,,
mango,among,,,,,,,,,,,,,
manor,maroon,,,,,,,,,,,,,
many,myna,,,,,,,,,,,,,
margarita,trigram,,,,,,,,,,,,,
mariachi,armchair,,,,,,,,,,,,,
mark,karma,,,,,,,,,,,,,
match,matcha,,,,,,,,,,,,,
math,mahatma,,,,,,,,,,,,,
maxilla,maximal,,,,,,,,,,,,,
mealy,lamely,,,,,,,,,,,,,
meaty,matey,,,,,,,,,,,,,
melt,mettle,,,,,,,,,,,,,
mentee,tenement,,,,,,,,,,,,,
mica,cami,,,,,,,,,,,,,
mien,mine,,,,,,,,,,,,,
milieu,ileum/ilium,,,,,,,,,,,,,
militant,militiaman,,,,,,,,,,,,,
miming,mining,,,,,,,,,,,,,
miring,rimming,,,,,,,,,,,,,
moan,mammon,,,,,,,,,,,,,
momentum,monument,,,,,,,,,,,,,
monad,nomad,,,,,,,,,,,,,
monetize,mezzotint,,,,,,,,,,,,,
monied,demimonde,,,,,,,,,,,,,
monolith,millionth,,,,,,,,,,,,,
moody,doomy,,,,,,,,,,,,,
moon,mono,,,,,,,,,,,,,
moor,room,,,,,,,,,,,,,
moony,mononym,,,,,,,,,,,,,
moot,motto,,,,,,,,,,,,,
morocco,romcom,,,,,,,,,,,,,
mortar,marmot,,,,,,,,,,,,,
mounded,duodenum,,,,,,,,,,,,,
mummy,yummy,,,,,,,,,,,,,
mutual,umlaut,,,,,,,,,,,,,
muzzling,unmuzzling,,,,,,,,,,,,,
myope,mopey,,,,,,,,,,,,,
naan,nana,,,,,,,,,,,,,
nabob,baboon,,,,,,,,,,,,,
naggy,yang,,,,,,,,,,,,,
naively,venially,,,,,,,,,,,,,
narc,arcana,,,,,,,,,,,,,
narrow,rowan,,,,,,,,,,,,,
nary,yarn,,,,,,,,,,,,,
natal,lantana,,,,,,,,,,,,,
nave,vane,,,,,,,,,,,,,
neatly,latently,,,,,,,,,,,,,
neon,,,,,,,,,,,,,,
nibble,beeline,,,,,,,,,,,,,
nice,niece,,,,,,,,,,,,,
nickel,neckline,,,,,,,,,,,,,
nifty,infinity,,,,,,,,,,,,,
nigh,hinging,,,,,,,,,,,,,
nine,innie,,,,,,,,,,,,,
noble,ennoble,,,,,,,,,,,,,
nondairy,ordinary,,,,,,,,,,,,,
nonvalid,vindaloo,,,,,,,,,,,,,
north,thorn,,,,,,,,,,,,,
nought,unthought,,,,,,,,,,,,,
nuancing,uncaging,,,,,,,,,,,,,
nugget,unguent,,,,,,,,,,,,,
nuptial,lilliputian,,,,,,,,,,,,,
obeying,bogeying,,,,,,,,,,,,,
ocular,oracular,,,,,,,,,,,,,
offending,defogging,,,,,,,,,,,,,
oleic,collie,,,,,,,,,,,,,
olive,voile,,,,,,,,,,,,,
omit,tomtit,,,,,,,,,,,,,
onto,toon,,,,,,,,,,,,,
opinion,pinion,,,,,,,,,,,,,
orthotic,rhotic,,,,,,,,,,,,,
outboard,troubadour,,,,,,,,,,,,,
outed,touted,,,,,,,,,,,,,
outpour,purport,,,,,,,,,,,,,
oxen,xenon,,,,,,,,,,,,,
oxide,dioxide,,,,,,,,,,,,,
ozone,zone,,,,,,,,,,,,,
pail,papilla,,,,,,,,,,,,,
panettone,potentate,,,,,,,,,,,,,
pang,pagan,,,,,,,,,,,,,
parador,paradrop,,,,,,,,,,,,,
paranoid,raindrop,,,,,,,,,,,,,
parking,pranking,,,,,,,,,,,,,
patch,captcha,,,,,,,,,,,,,
path,phat,,,,,,,,,,,,,
patrol,portal,,,,,,,,,,,,,
peen,penne,,,,,,,,,,,,,
peloton,tentpole,,,,,,,,,,,,,
pelt,pellet,,,,,,,,,,,,,
penally,playpen,,,,,,,,,,,,,
pencil,penicillin,,,,,,,,,,,,,
pepita,appetite,,,,,,,,,,,,,
phial,phalli,,,,,,,,,,,,,
photic,photopic,,,,,,,,,,,,,
pianola,papillon,,,,,,,,,,,,,
photo,hotpot,,,,,,,,,,,,,
pile,plie,,,,,,,,,,,,,
pillion,poplin,,,,,,,,,,,,,
pine,ninepin,,,,,,,,,,,,,
pinking,kingpin,,,,,,,,,,,,,
pinup,unpin,,,,,,,,,,,,,
pita,pitapat,,,,,,,,,,,,,
pitting,tipping,,,,,,,,,,,,,
pity,tippy,,,,,,,,,,,,,
place,palace,,,,,,,,,,,,,
planking,painkilling,,,,,,,,,,,,,
plat,palatal,,,,,,,,,,,,,
playlet,teleplay,,,,,,,,,,,,,
pollute,tupelo,,,,,,,,,,,,,
polygonal,nonapology,,,,,,,,,,,,,
pomelo,pommel,,,,,,,,,,,,,
pomp,pompom,,,,,,,,,,,,,
porn,porno,,,,,,,,,,,,,
portion,proportion,,,,,,,,,,,,,
potable,tabletop,,,,,,,,,,,,,
potent,opponent,,,,,,,,,,,,,
potpie,tiptoe,,,,,,,,,,,,,
proton,pronto,,,,,,,,,,,,,
puli,pupil,,,,,,,,,,,,,
pull,pulp,,,,,,,,,,,,,
punctuate,unacceptance,,,,,,,,,,,,,
pupate,taupe,,,,,,,,,,,,,
pyro,ropy,,,,,,,,,,,,,
python,typhoon,,,,,,,,,,,,,
quaint,aquatint,,,,,,,,,,,,,
quote,toque,,,,,,,,,,,,,
racial,railcar,,,,,,,,,,,,,
racy,carry,,,,,,,,,,,,,
ragtop,propagator,,,,,,,,,,,,,
rain,rani,,,,,,,,,,,,,
raking,ranking,,,,,,,,,,,,,
rapini,riparian,,,,,,,,,,,,,
rattly,tartly,,,,,,,,,,,,,
riyal,airily,,,,,,,,,,,,,
rolltop,trollop,,,,,,,,,,,,,
rotund,orotund,,,,,,,,,,,,,
rotunda,turnaround,,,,,,,,,,,,,
ruin,inurn,,,,,,,,,,,,,
rutty,yurt,,,,,,,,,,,,,
tableau,tabulate,,,,,,,,,,,,,
tacet,acetate,,,,,,,,,,,,,
talc,catcall,,,,,,,,,,,,,
tandoor,tornado,,,,,,,,,,,,,
tangly,gallantly,,,,,,,,,,,,,
tantric,antarctic,,,,,,,,,,,,,
tapir,partita,,,,,,,,,,,,,
tarmac,tramcar,,,,,,,,,,,,,
telex,teletext,,,,,,,,,,,,,
temp,tempt,,,,,,,,,,,,,
tempo,moppet,,,,,,,,,,,,,
tepee,teepee,,,,,,,,,,,,,
thematic,mathematic,,,,,,,,,,,,,
theming,nighttime,,,,,,,,,,,,,
then,tenth,,,,,,,,,,,,,
they,eyeteeth,,,,,,,,,,,,,
thicket,hitchhike,,,,,,,,,,,,,
thigh,tight,,,,,,,,,,,,,
tipi,pipit,,,,,,,,,,,,,
throaty,hortatory,,,,,,,,,,,,,
tiny,tinny,,,,,,,,,,,,,
tomb,bottom,,,,,,,,,,,,,
tongue,outgone,,,,,,,,,,,,,
torah,throat,,,,,,,,,,,,,
toric,tricot,,,,,,,,,,,,,
torrid,toroid,,,,,,,,,,,,,
train,irritant,,,,,,,,,,,,,
tromp,prompt,,,,,,,,,,,,,
tropic,portico,,,,,,,,,,,,,
troy,tyro,,,,,,,,,,,,,
tuition,intuition,,,,,,,,,,,,,
twee,tweet,,,,,,,,,,,,,
twin,nitwit,,,,,,,,,,,,,
type,petty,,,,,,,,,,,,,
typo,potty,,,,,,,,,,,,,
ugly,gully,,,,,,,,,,,,,
ulnae,lunulae,,,,,,,,,,,,,
unbagging,unbanning,,,,,,,,,,,,,
union,nonunion,,,,,,,,,,,,,
unit,intuit,,,,,,,,,,,,,
unite,untie,,,,,,,,,,,,,
unlit,until,,,,,,,,,,,,,
uvular,vulvar,,,,,,,,,,,,,
vain,avian,,,,,,,,,,,,,
vainly,villainy,,,,,,,,,,,,,
valet,elevate,,,,,,,,,,,,,
vanity,nativity,,,,,,,,,,,,,
variant,invariant,,,,,,,,,,,,,
veep,peeve,,,,,,,,,,,,,
vein,vine,,,,,,,,,,,,,
venial,villanelle,,,,,,,,,,,,,
vent,event,,,,,,,,,,,,,
venue,uneven,,,,,,,,,,,,,
venule,unlevel,,,,,,,,,,,,,
veto,vote,,,,,,,,,,,,,
viably,availably,,,,,,,,,,,,,
vibrato,vibrator,,,,,,,,,,,,,
vicar,caviar,,,,,,,,,,,,,
vincible,invincible,,,,,,,,,,,,,
violent,nonviolent,,,,,,,,,,,,,
void,ovoid,,,,,,,,,,,,,
volcano,nonvocal,,,,,,,,,,,,,
wage,gewgaw,,,,,,,,,,,,,
wale,weal,,,,,,,,,,,,,
whee,whew,,,,,,,,,,,,,
when,hewn,,,,,,,,,,,,,
while,wheelie,,,,,,,,,,,,,
whining,whinging,,,,,,,,,,,,,
whirlpool,whippoorwill,,,,,,,,,,,,,
whoa,wahoo,,,,,,,,,,,,,
willing,wiggling,,,,,,,,,,,,,
winding,wingding,,,,,,,,,,,,,
wino,winnow,,,,,,,,,,,,,
wipe,weepie,,,,,,,,,,,,,
witch,twitch,,,,,,,,,,,,,
with,whit,,,,,,,,,,,,,
womanly,laywoman,,,,,,,,,,,,,
worm,morrow,,,,,,,,,,,,,
wrought,outgrowth,,,,,,,,,,,,,
yech,yecch,,,,,,,,,,,,,
yuca,yucca,,,,,,,,,,,,,
abetment,abatement,battement,,,,,,,,,,,,
ability,lability,liability,,,,,,,,,,,,
accordion,draconic,draconian,,,,,,,,,,,,
ache,each,cache,,,,,,,,,,,,
ached,cached,headache,,,,,,,,,,,,
acid,acidic,cicada,,,,,,,,,,,,
acrid,arcadia,cardiac,,,,,,,,,,,,
actor,tractor,attractor,,,,,,,,,,,,
adding,aiding,gadding,,,,,,,,,,,,
admitting,intimidating,mandating,,,,,,,,,,,,
adorn,radon,rando,,,,,,,,,,,,
afro,fora,farro,,,,,,,,,,,,
agendum,undamaged,unmanaged,,,,,,,,,,,,
aircraft,artifact,traffic,,,,,,,,,,,,
airmail,malaria,malarial,,,,,,,,,,,,
airman,marina,marinara,,,,,,,,,,,,
alack,clack,lack,,,,,,,,,,,,
alight,hightail,taillight,,,,,,,,,,,,
alloy,loyal,loyally,,,,,,,,,,,,
alloying,annoyingly,lollygagging,,,,,,,,,,,,
allude,alluded,lauded,,,,,,,,,,,,
ambling,blaming,gambling,,,,,,,,,,,,
ambulate,ambulette,mutable,,,,,,,,,,,,
amicable,claimable,climbable,,,,,,,,,,,,
amulet,emulate,malamute,,,,,,,,,,,,
anatomy,antonym,antonymy,,,,,,,,,,,,
anemic,cinema,iceman,,,,,,,,,,,,
angel,angle,glean,,,,,,,,,,,,
anime,anemia,meanie,,,,,,,,,,,,
ankle,alkane,alkene,,,,,,,,,,,,
aplenty,patently,penalty,,,,,,,,,,,,
apricot,capacitor,patriotic,,,,,,,,,,,,
archival,archrival,chivalric,,,,,,,,,,,,
argonaut,guarantor,orangutan,,,,,,,,,,,,
army,marry,mammary,,,,,,,,,,,,
arid,raid,radii,,,,,,,,,,,,
atom,moat,tomato,,,,,,,,,,,,
attitudinal,altitudinal,latitudinal,,,,,,,,,,,,
auditing,daunting,inundating,,,,,,,,,,,,
augur,guar,ragu,,,,,,,,,,,,
aunt,taunt,tuna,,,,,,,,,,,,
aviate,vitiate,titivate,,,,,,,,,,,,
awakening,wakening,weakening,,,,,,,,,,,,
backboard,backdoor,corkboard,,,,,,,,,,,,
backlit,clickbait,tailback,,,,,,,,,,,,
bake,beak,kebab,,,,,,,,,,,,
balding,blading,dabbling,,,,,,,,,,,,
balletic,celibate,citable,,,,,,,,,,,,
balm,blam,lamb,,,,,,,,,,,,
banality,inability,attainability,,,,,,,,,,,,
bard,brad,drab,,,,,,,,,,,,
band,bandana,bandanna,,,,,,,,,,,,
beam,ameba,amebae,,,,,,,,,,,,
bedim,bedimmed,imbibed,,,,,,,,,,,,
behead,beheaded,bedhead,,,,,,,,,,,,
believing,beveling,bevelling,,,,,,,,,,,,
belt,betel,beetle,,,,,,,,,,,,
belonged,boondoggle,boondoggled,,,,,,,,,,,,
bento,bonnet,botnet,,,,,,,,,,,,
binary,biryani,brainy,,,,,,,,,,,,
bidding,biding,binding,,,,,,,,,,,,
binging,binning,gibing,,,,,,,,,,,,
black,blackball,callback,,,,,,,,,,,,
blockable,cookable,lockable,,,,,,,,,,,,
bling,billing,nibbling,,,,,,,,,,,,
blot,bolt,blotto,,,,,,,,,,,,
boat,abbot,taboo,,,,,,,,,,,,
boggle,globe,gobble,,,,,,,,,,,,
boho,hobo,boohoo,,,,,,,,,,,,
boring,robing,robbing,,,,,,,,,,,,
briar,rabbi,birria,,,,,,,,,,,,
bronc,bronco,corncob,,,,,,,,,,,,
bumble,mumble,bumblebee,,,,,,,,,,,,
buttoned,unbuttoned,undoubted,,,,,,,,,,,,
cackled,clacked,lacked,,,,,,,,,,,,
cafe,face,efface,,,,,,,,,,,,
calcite,lattice,tactile,,,,,,,,,,,,
camo,coma,comma,,,,,,,,,,,,
canary,carny,cranny,,,,,,,,,,,,
canoed,cannonade,deacon,,,,,,,,,,,,
canola,colcannon,nonlocal,,,,,,,,,,,,
captain,catnip,anticipant,,,,,,,,,,,,
carob,cobra,barbacoa,,,,,,,,,,,,
cardio,cardioid,corrida/dor,,,,,,,,,,,,
carping,crapping,prancing,,,,,,,,,,,,
cavity,activity,vivacity,,,,,,,,,,,,
chai,chia,chica,,,,,,,,,,,,
chalice,helical,heliacal,,,,,,,,,,,,
chariot,haricot,thoracic,,,,,,,,,,,,
chatroom,motorcoach,trachoma,,,,,,,,,,,,
chit,itch,hitch,,,,,,,,,,,,
chunk,nunchuk,nunchuck,,,,,,,,,,,,
civet,evict,evictee,,,,,,,,,,,,
claim,malic,acclaim,,,,,,,,,,,,
client,clientele,intellect,,,,,,,,,,,,
cling,clinging,inclining,,,,,,,,,,,,
cloaked,deadlock,deadlocked,,,,,,,,,,,,
clone,colleen,colonel,,,,,,,,,,,,
cloy,coyly,coolly,,,,,,,,,,,,
coat,taco,toccata,,,,,,,,,,,,
coca,cacao,cocoa,,,,,,,,,,,,
coifed,coiffed,codified,,,,,,,,,,,,
coil,colic,loci,,,,,,,,,,,,
coital,coattail,tailcoat,,,,,,,,,,,,
collet,collect,ocelot,,,,,,,,,,,,
commitment,committeemen,emoticon,,,,,,,,,,,,
condor,cordon,concord,,,,,,,,,,,,
conduit,induction,conduction,,,,,,,,,,,,
confit,fiction,nonfiction,,,,,,,,,,,,
congaed,decagon,dodecagon,,,,,,,,,,,,
conk,knock,nock,,,,,,,,,,,,
cooled,coddle,coddled,,,,,,,,,,,,
copilot,politic,politico,,,,,,,,,,,,
corking,crooking,rocking,,,,,,,,,,,,
couching,coughing,hiccoughing,,,,,,,,,,,,
coupled,decouple,decoupled,,,,,,,,,,,,
curator,actuator,autocrat,,,,,,,,,,,,
cyclical,cyclically,acyclic,,,,,,,,,,,,
daily,daylily,dillydally,,,,,,,,,,,,
damn,adman,madman,,,,,,,,,,,,
date,dated,tatted,,,,,,,,,,,,
daubed,bedaub,bedaubed,,,,,,,,,,,,
dawned,waned,weaned,,,,,,,,,,,,
dawning,wading,wadding,,,,,,,,,,,,
deaf,fade,faded,,,,,,,,,,,,
deduct,deducted,ducted,,,,,,,,,,,,
deem,deemed,memed,,,,,,,,,,,,
defying,deifying,edifying,,,,,,,,,,,,
deke,deked,eked,,,,,,,,,,,,
delt,delete,deleted,,,,,,,,,,,,
denim,mined,minded,,,,,,,,,,,,
device,deceive,deceived,,,,,,,,,,,,
dike,kidded,kiddie,,,,,,,,,,,,
dime,dimmed,mimed,,,,,,,,,,,,
dinked,inked,kinked,,,,,,,,,,,,
dipped,pied,piped,,,,,,,,,,,,
ditched,hitched,itched,,,,,,,,,,,,
diving,dividing,divining,,,,,,,,,,,,
dodgy,doggy,goody,,,,,,,,,,,,
doeth,hooted,toothed,,,,,,,,,,,,
door,odor,rood,,,,,,,,,,,,
doozie,iodize,iodized,,,,,,,,,,,,
download,lowland,woodland,,,,,,,,,,,,
drably,ballyard,balladry,,,,,,,,,,,,
draw,ward,award,,,,,,,,,,,,
drawly,waywardly,drywall,,,,,,,,,,,,
dray,yard,dryad,,,,,,,,,,,,
drop,droop,prod,,,,,,,,,,,,
duding,dunning,nudging,,,,,,,,,,,,
duffing,fudging,funding,,,,,,,,,,,,
duotone,outdone,unnoted,,,,,,,,,,,,
dupe,duped,upped,,,,,,,,,,,,
dwelling,welding,wielding,,,,,,,,,,,,
eaved,evade,evaded,,,,,,,,,,,,
edge,edged,egged,,,,,,,,,,,,
elfin,feline,lifeline,,,,,,,,,,,,
eking,keening,kneeing,,,,,,,,,,,,
eligibility,illegibility,legibility,,,,,,,,,,,,
enclave,valance,valence,,,,,,,,,,,,
endemic,medicine,minced,,,,,,,,,,,,
ethic,hectic,techie,,,,,,,,,,,,
evened,vend,vended,,,,,,,,,,,,
evening,given,vegging,,,,,,,,,,,,
evident,invented,invited,,,,,,,,,,,,
evinced,evidence,evidenced,,,,,,,,,,,,
eying,eyeing,yenning,,,,,,,,,,,,
facing,financing,affiancing,,,,,,,,,,,,
faculty,factually,tactfully,,,,,,,,,,,,
fail,flail,filial,,,,,,,,,,,,
faintly,finality,infantility,,,,,,,,,,,,
fatly,flatly,fataly,,,,,,,,,,,,
filet,fillet,leftie,,,,,,,,,,,,
flame,aflame,female,,,,,,,,,,,,
flow,follow,wolf,,,,,,,,,,,,
flowing,following,wolfing,,,,,,,,,,,,
footprint,nonprofit,offprint,,,,,,,,,,,,
four,furor,froufrou,,,,,,,,,,,,
gait,agita,taiga,,,,,,,,,,,,
game,mage,mega,,,,,,,,,,,,
gape,page,agape,,,,,,,,,,,,
gave,gavage,agave,,,,,,,,,,,,
gayly,laggy,lallygag,,,,,,,,,,,,
gazing,zagging,zigzagging,,,,,,,,,,,,
gelato,legato,tollgate,,,,,,,,,,,,
gibe,beige,biggie,,,,,,,,,,,,
gigging,ginning,inning,,,,,,,,,,,,
gimping,pimping,impinging,,,,,,,,,,,,
glazed,deglaze,deglazed,,,,,,,,,,,,
gloat,galoot,glottal,,,,,,,,,,,,
grand,grandad,granddad,,,,,,,,,,,,
gird,grid,rigid,,,,,,,,,,,,
goat,gotta,toga,,,,,,,,,,,,
gram,gramma,grammar,,,,,,,,,,,,
griping,gripping,ripping,,,,,,,,,,,,
grit,girt,trig,,,,,,,,,,,,
gurgling,luring,ruling,,,,,,,,,,,,
hank,ankh,khan,,,,,,,,,,,,
harping,graphing,paragraphing,,,,,,,,,,,,
hath,hatha,that,,,,,,,,,,,,
heck,check,cheek,,,,,,,,,,,,
hepatic,pathetic,apathetic,,,,,,,,,,,,
hinge,neigh,neighing,,,,,,,,,,,,
hint,thin,ninth,,,,,,,,,,,,
hoar,hora,hoorah,,,,,,,,,,,,
hole,hello,hellhole,,,,,,,,,,,,
honeypot,neophyte,phenotype,,,,,,,,,,,,
hound,nunhood,unhood,,,,,,,,,,,,
huddle,huddled,hulled,,,,,,,,,,,,
igniting,tinging,tinting,,,,,,,,,,,,
immoral,armorial,mailroom,,,,,,,,,,,,
inactive,inactivate,vaccinate,,,,,,,,,,,,
inching,cinching,chinning,,,,,,,,,,,,
induce,induced,undecided,,,,,,,,,,,,
infect,efficient,inefficient,,,,,,,,,,,,
infidel,infield,infilled,,,,,,,,,,,,
inflate,infantile,flatline,,,,,,,,,,,,
initially,natality,nattily,,,,,,,,,,,,
inward,indrawn,windward,,,,,,,,,,,,
ionizing,oozing,zoning,,,,,,,,,,,,
iron,noir,nori,,,,,,,,,,,,
jingo,jogging,joining,,,,,,,,,,,,
keep,peek,peke,,,,,,,,,,,,
kitchen,kitchenette,thicken,,,,,,,,,,,,
kneel(ed),knell(ed),kennel(ed),,,,,,,,,,,,
know,known,wonk,,,,,,,,,,,,
lain,nail,lanai,,,,,,,,,,,,
layaway,waylay,yawl,,,,,,,,,,,,
laze,zeal,azalea,,,,,,,,,,,,
lefty,fleetly,effetely,,,,,,,,,,,,
legible,eligible,illegible,,,,,,,,,,,,
lend,needle,needled,,,,,,,,,,,,
leucine,nuclei,nucleic,,,,,,,,,,,,
lice,celli,icicle,,,,,,,,,,,,
lien,line,linen,,,,,,,,,,,,
lilt,till,tilt,,,,,,,,,,,,
limning,milling,mingling,,,,,,,,,,,,
liniment,timeline,entitlement,,,,,,,,,,,,
lion,loin,nonillion,,,,,,,,,,,,
lipo,polio,lollipop,,,,,,,,,,,,
lobby,blobby,loblolly,,,,,,,,,,,,
locked,clocked,coldcocked,,,,,,,,,,,,
loonie,online,leonine,,,,,,,,,,,,
love,vole,evolve,,,,,,,,,,,,
lowly,woolly,yowl,,,,,,,,,,,,
lump,plum,plump,,,,,,,,,,,,
lunar,ulnar,annular,,,,,,,,,,,,
lupine,lineup,unpile,,,,,,,,,,,,
macron,macaron,macaroon,,,,,,,,,,,,
mangle,melange,gamelan,,,,,,,,,,,,
mayor,moray,armory,,,,,,,,,,,,
meant,emanate,manatee,,,,,,,,,,,,
medium,muddied,dummied,,,,,,,,,,,,
meet,mete,teem,,,,,,,,,,,,
metal,mallet,tamale,,,,,,,,,,,,
meth,them,theme,,,,,,,,,,,,
mitral,marital,martial,,,,,,,,,,,,
mitten,eminent,imminent,,,,,,,,,,,,
molar,moral,amoral,,,,,,,,,,,,
money,moneymen,yeomen,,,,,,,,,,,,
mope,poem,pome,,,,,,,,,,,,
morn,norm,moron,,,,,,,,,,,,
mount,mutton,unmount,,,,,,,,,,,,
mounted,unmounted,denouement,,,,,,,,,,,,
national,notional,titillation,,,,,,,,,,,,
natural,unnatural,tarantula,,,,,,,,,,,,
navel,venal,leaven,,,,,,,,,,,,
netty,teeny,yente,,,,,,,,,,,,
nipple,penile,pipeline,,,,,,,,,,,,
nodule,louden,loudened,,,,,,,,,,,,
oiled,oldie,dollied,,,,,,,,,,,,
oilman,nominal,monomial,,,,,,,,,,,,
only,loony,nylon,,,,,,,,,,,,
orally,royal,royally,,,,,,,,,,,,
outrun,runout,turnout,,,,,,,,,,,,
owlet,towel,towelette,,,,,,,,,,,,
pain,apian,panini,,,,,,,,,,,,
pairing,paring,rapping,,,,,,,,,,,,
palpable,peelable,appealable,,,,,,,,,,,,
pantie,patient,inpatient,,,,,,,,,,,,
pappy,yappy,papaya,,,,,,,,,,,,
paltry,partly,raptly,,,,,,,,,,,,
patrician,practician,participant,,,,,,,,,,,,
patriot,portrait,airport,,,,,,,,,,,,
penguin,unpegging,unpenning,,,,,,,,,,,,
pentacle,placenta,placental,,,,,,,,,,,,
plait,palatial,tilapia,,,,,,,,,,,,
play,apply,papally,,,,,,,,,,,,
ploy,loopy,polyp,,,,,,,,,,,,
plume,peplum,pummel,,,,,,,,,,,,
poet,tope,poppet,,,,,,,,,,,,
poke,pekoe,kope(c)k,,,,,,,,,,,,
polyglot,topology,typology,,,,,,,,,,,,
port,troop,torpor,,,,,,,,,,,,
poult,pullout,outpoll,,,,,,,,,,,,
pout,output,putout,,,,,,,,,,,,
punning,upping,unpinning,,,,,,,,,,,,
purring,purging,pruning,,,,,,,,,,,,
quant,quanta,aquanaut,,,,,,,,,,,,
rancid,arcadian,circadian,,,,,,,,,,,,
road,ardor,dorado,,,,,,,,,,,,
roam,armor,aroma,,,,,,,,,,,,
robin,ribbon,inborn,,,,,,,,,,,,
romp,prom,promo,,,,,,,,,,,,
rotary,rotatory,oratory,,,,,,,,,,,,
tailor,littoral,tortilla,,,,,,,,,,,,
talon,tonal,atonal,,,,,,,,,,,,
tangle,entangle,elegant,,,,,,,,,,,,
texting,exigent,exiting,,,,,,,,,,,,
thee,teeth,teethe,,,,,,,,,,,,
thine,nineteenth,ninetieth,,,,,,,,,,,,
throw,worth,wroth,,,,,,,,,,,,
toile,toilet,toilette,,,,,,,,,,,,
torch,crotch,cohort,,,,,,,,,,,,
town,wont,wonton,,,,,,,,,,,,
trivially,triviality,virality,,,,,,,,,,,,
tweed,tweeted,wetted,,,,,,,,,,,,
udon,undo,dunno,,,,,,,,,,,,
unlet,tunnel,lunette,,,,,,,,,,,,
uvula,vulva,vulval,,,,,,,,,,,,
value,uvulae,vulvae,,,,,,,,,,,,
viability,availability,livability,,,,,,,,,,,,
vial,villa,avail,,,,,,,,,,,,
vigilant,gallivant,gallivanting,,,,,,,,,,,,
viral,rival,arrival,,,,,,,,,,,,
wake(n)ing,weak(en)ing,awake(n)ing,,,,,,,,,,,,
wane,wean,anew,,,,,,,,,,,,
weed,weeded,wedded,,,,,,,,,,,,
weep,pewee,peewee,,,,,,,,,,,,
weighing,whinge,whingeing,,,,,,,,,,,,
weighting,whetting,whitening,,,,,,,,,,,,
wilt,twill,twilit,,,,,,,,,,,,
window,downwind,woodwind,,,,,,,,,,,,
wine,weenie,wienie,,,,,,,,,,,,
wiring,wring,wringing,,,,,,,,,,,,
wordy,dowdy/dowry,rowdy,,,,,,,,,,,,
working,ironworking,nonworking,,,,,,,,,,,,
wrath,thwart,athwart,,,,,,,,,,,,
yacht,catchy,chatty,,,,,,,,,,,,
yield,yielded,eyelid,,,,,,,,,,,,
yipe,yippee,yippie,,,,,,,,,,,,
zing,zigging,zinging,,,,,,,,,,,,
abide,abided,babied,baddie,,,,,,,,,,,
accent,canteen,cetacean,enact,,,,,,,,,,,
aced,accede,acceded,decade,,,,,,,,,,,
acme,came,mace,mecca,,,,,,,,,,,
acrylic,lyrical,lyrically,racially,,,,,,,,,,,
affable,baffle,befall,fable,,,,,,,,,,,
agenda,engaged,ganged,nagged,,,,,,,,,,,
agent,negate,tangent,teenage,,,,,,,,,,,
aimed,maimed,diadem,media,,,,,,,,,,,
alacrity,clarity,critically,criticality,,,,,,,,,,,
alga,algal,gala,gall,,,,,,,,,,,
allayed,deadly,delay,delayed,,,,,,,,,,,
alleviated,levitated,validate,validated,,,,,,,,,,,
allocate,collate,collocate,locate,,,,,,,,,,,
alto,allot,atoll,total,,,,,,,,,,,
amino,amnio,ammonia,monomania,,,,,,,,,,,
amount,automaton,outman,tantamount,,,,,,,,,,,
andiron,android,inroad,ordain,,,,,,,,,,,
angry,granny,granary,rangy,,,,,,,,,,,
animation,imitation,intimation,nomination,,,,,,,,,,,
annotator,narrator,notator,nonart,,,,,,,,,,,
anvil,vanilla,vanillin,villain,,,,,,,,,,,
arnica,arancini,cairn,crania,,,,,,,,,,,
arty,ratty,tarry,tray,,,,,,,,,,,
atria,raita,tiara,trait,,,,,,,,,,,
attic,cacti,tacit,tactic,,,,,,,,,,,
attune,tauten,uneaten,attenuate,,,,,,,,,,,
aviation,innovation,invitation,ovation,,,,,,,,,,,
badging,bandaging,banding,dabbing,,,,,,,,,,,
bagel,beagle,gable,gabble,,,,,,,,,,,
bailee,billable,labile,liable,,,,,,,,,,,
banded,banned,beaned,nabbed,,,,,,,,,,,
bedew,bedewed,dweeb,webbed,,,,,,,,,,,
belayed,dyeable,delayable,eyeballed,,,,,,,,,,,
belittling,belting,billeting,intelligible,,,,,,,,,,,
bellowed,bowled,elbowed,wobbled,,,,,,,,,,,
blob,boll,bolo,lobo,,,,,,,,,,,
blue,bubble,bluebell,lube,,,,,,,,,,,
blurring,bullring,burbling,burgling,,,,,,,,,,,
board,broad,aboard,abroad,,,,,,,,,,,
bode,boded,booed,bobbed,,,,,,,,,,,
boned,bonded,debone,deboned,,,,,,,,,,,
boon,noob,bonbon,bonobo,,,,,,,,,,,
brag,garb,grab,ragbag,,,,,,,,,,,
called,clade,decal,laced,,,,,,,,,,,
canape,panacea,pecan,penance,,,,,,,,,,,
canid,candid,indica,indicia,,,,,,,,,,,
cannot,canton,octant,contact,,,,,,,,,,,
cape,pace,peace,apace,,,,,,,,,,,
catchment,attachment,enchantment,enhancement,,,,,,,,,,,
citron,tricorn,contortion,contrition,,,,,,,,,,,
clued,cuddle,cuddled,culled,,,,,,,,,,,
cocooning,coining,cooing,conning,,,,,,,,,,,
cone,once,nonce,neocon,,,,,,,,,,,
confetti,confection,coefficient,infection,,,,,,,,,,,
connect,connote,content,ecotone,,,,,,,,,,,
convincing,conniving,voicing,invoicing,,,,,,,,,,,
cork,crock,crook,rock,,,,,,,,,,,
daywork,workday,workaday,yardwork,,,,,,,,,,,
death,hated,hatted,heated,,,,,,,,,,,
deep,peed,peeped,pepped,,,,,,,,,,,
defiling,fielding,fledging,fledgling,,,,,,,,,,,
delight,lighted,delighted,highlighted,,,,,,,,,,,
delve,delved,leveled,veld,,,,,,,,,,,
demit,demitted,timed,emitted,,,,,,,,,,,
demote,demoted,emoted,mooted,,,,,,,,,,,
deny,dyne,needy,yenned,,,,,,,,,,,
devolve,devolved,evolved,loved,,,,,,,,,,,
dicta,addict,didact,didactic,,,,,,,,,,,
diddling,gilding,gliding,idling,,,,,,,,,,,
dinar,drain,nadir,radian,,,,,,,,,,,
ding,dinging,dining,digging,,,,,,,,,,,
dram,drama,armada,ramada,,,,,,,,,,,
drolly,drooly,lordy,lordly,,,,,,,,,,,
duet,duetted,etude,tutted,,,,,,,,,,,
dwelt,welted,tweedle,tweedled,,,,,,,,,,,
eight,eighth,height,eightieth,,,,,,,,,,,
elan,lane,lean,anneal,,,,,,,,,,,
emetic,memetic,mimetic,titmice,,,,,,,,,,,
emit,item,mite,time,,,,,,,,,,,
emitting,meting,meeting,teeming,,,,,,,,,,,
enigma,gamine,imagine,meaning,,,,,,,,,,,
engulfing,fueling,funneling,unfeeling,,,,,,,,,,,
ethane,heathen,neath,thane,,,,,,,,,,,
evil,live,veil,vile,,,,,,,,,,,
faint,antifa,infant,affiant,,,,,,,,,,,
fate,feat,feta,taffeta,,,,,,,,,,,
feet,fete,effete,teff,,,,,,,,,,,
feint,finite,infinite,fifteen,,,,,,,,,,,
felt,left,fleet,fettle,,,,,,,,,,,
fend,fended,defend,defended,,,,,,,,,,,
fetal,fellate,flatfeet,leaflet,,,,,,,,,,,
fifed,defied,deified,edified,,,,,,,,,,,
finitude,infinitude,unfitted,unidentified,,,,,,,,,,,
flea,leaf,fella,falafel,,,,,,,,,,,
flogging,foiling,fooling,golfing,,,,,,,,,,,
fluent,unfelt,tuneful,effluent,,,,,,,,,,,
genie,genii,egging,engine,,,,,,,,,,,
geoid,dogie,doggie,goodie,,,,,,,,,,,
going,gonging,ongoing,noggin,,,,,,,,,,,
gory,gyro,groggy,orgy,,,,,,,,,,,
grainy,graying,raying,arraying,,,,,,,,,,,
growing,ingrown,rowing,wronging,,,,,,,,,,,
haggling,hailing,hangnail,inhaling,,,,,,,,,,,
handle,handled,handheld,headland,,,,,,,,,,,
hate,heat,heath,theta,,,,,,,,,,,
haunted,headhunt,headhunted,unheated,,,,,,,,,,,
headline,headlined,inhaled,nailhead,,,,,,,,,,,
inapt,paint,patina,pinata,,,,,,,,,,,
inept,tenpin,tiepin,penitent,,,,,,,,,,,
initialization,lionization,nationalization,tantalization,,,,,,,,,,,
intone,intention,tontine,toonie,,,,,,,,,,,
invent,invite,invitee,inventive,,,,,,,,,,,
italic,lactic,cattail,tactical,,,,,,,,,,,
king,kinging,kinking,inking,,,,,,,,,,,
lacking,cackling,clacking,clanking,,,,,,,,,,,
lama,mall,llama,mammal,,,,,,,,,,,
lame,male,meal,lemma,,,,,,,,,,,
lamely,meanly,namely,laymen,,,,,,,,,,,
lighting,lightning,highlighting,nightlight,,,,,,,,,,,
lining,gilling,giggling,niggling,,,,,,,,,,,
logy,golly,goggly,googly,,,,,,,,,,,
loot,toll,tool,lotto,,,,,,,,,,,
loge,google,goggle,ogle,,,,,,,,,,,
lope,pole,elope,people,,,,,,,,,,,
lord,dolor,droll,drool,,,,,,,,,,,
lumped,plumed,plumped,pummeled,,,,,,,,,,,
main,anima,mania,minima,,,,,,,,,,,
manic,caiman,maniac,minicam,,,,,,,,,,,
meld,melded,meddle,meddled,,,,,,,,,,,
mend,mended,emend,emended,,,,,,,,,,,
mention,emotion,ointment,onetime,,,,,,,,,,,
military,maritally,martially,militarily,,,,,,,,,,,
mince,eminence,imminence,icemen,,,,,,,,,,,
monte,moment,memento,monotone,,,,,,,,,,,
motel,mottle,omelet,omelette,,,,,,,,,,,
niggle,gelling,legging,negligee,,,,,,,,,,,
nipped,pined,pinned,pinniped,,,,,,,,,,,
nite,tine,intent,nineteen,,,,,,,,,,,
nope,open,peon,pone,,,,,,,,,,,
optic,picot,topic,octopi,,,,,,,,,,,
owed,wooded,wooed,wowed,,,,,,,,,,,
panel,penal,plane,plena,,,,,,,,,,,
patent,patentee,pennant,pentane,,,,,,,,,,,
pelican,appliance,capellini,pinnacle,,,,,,,,,,,
phenom,phoneme,homophone,phenomenon,,,,,,,,,,,
pizza,piazza,pizazz,pizzazz,,,,,,,,,,,
plaint,pliant,pintail,plantain,,,,,,,,,,,
pleb,bleep,plebe,pebble,,,,,,,,,,,
pled,peddle,peddled,peeled,,,,,,,,,,,
punned,unpenned,upend,upended,,,,,,,,,,,
random,doorman,nonrandom,monodrama,,,,,,,,,,,
ratio,oratorio,traitor,trattoria,,,,,,,,,,,
tart,attar,tartar,ratatat,,,,,,,,,,,
teen,tent,tenet,entente,,,,,,,,,,,
trough,through,thorough,throughout,,,,,,,,,,,
tulip,uplit,uptilt,pulpit,,,,,,,,,,,
twinging,twining,twinning,witting,,,,,,,,,,,
video,videoed,voided,devoid,,,,,,,,,,,
widen,widened,wined,winded,,,,,,,,,,,
waggling,wailing,walling,wangling,,,,,,,,,,,
abed,baaed,bade,bead,beaded,,,,,,,,,,
abet,bate,beat,beta,abate,,,,,,,,,,
able,bale,babel,label,babble,,,,,,,,,,
aching,caching,chaining,chancing,changing,,,,,,,,,,
acing,(icing),caging,caning,canning,,,,,,,,,,
acorn,corona,narco,rancor,raccoon,,,,,,,,,,
activated,addictive,deactivate,deactivated,dedicative,,,,,,,,,,
addiction,condonation,diatonic,dictation,indication,,,,,,,,,,
aged,egad,adage,gadded,gagged,,,,,,,,,,
aglet,eaglet,galette,legate,legatee,,,,,,,,,,
alit,tail,tali,atilt,tallit,,,,,,,,,,
alleged,eagled,galled,glade,lagged,,,,,,,,,,
amen,mane,mean,name,enema,,,,,,,,,,
anti,taint,attain,tannin,titan,,,,,,,,,,
arcing,caring,craning,gracing,racing,,,,,,,,,,
argon,groan,orang,organ,angora,,,,,,,,,,
atone,annotate,neonate,notate,oaten,,,,,,,,,,
bail,alibi,labia,labial,bilabial,,,,,,,,,,
bating,abating,baiting,batting,tabbing,,,,,,,,,,
below,bellow,bowel,elbow,wobble,,,,,,,,,,
bidet,betide,betided,debit,debited,,,,,,,,,,
bile,belie,bible,libel,libelee,,,,,,,,,,
bridal,ribald,billiard,railbird,biradial,,,,,,,,,,
bring,bringing,bribing,brining,ribbing,,,,,,,,,,
bubbling,bugling,bulging,bungling,lubing,,,,,,,,,,
calling,clanging,glancing,lacing,lancing,,,,,,,,,,
canonically,colonially,conically,iconically,laconically,,,,,,,,,,
carol,coral,collar,corral,corolla,,,,,,,,,,
cart,carat,tract,attract,cataract,,,,,,,,,,
cilia,iliac,laic,laical,lilac,,,,,,,,,,
cited,edict,eidetic,dietetic,deceit,,,,,,,,,,
clean,lance,cancel,enlace,nacelle,,,,,,,,,,
clouded,collude,colluded,occlude,occluded,,,,,,,,,,
coal,cola,local,cloaca,callaloo,,,,,,,,,,
codeine,coined,coincide,coincided,coincidence,,,,,,,,,,
coin,conic,ionic,icon,iconic,,,,,,,,,,
conceived,connived,convinced,inconvenienced,invoiced,,,,,,,,,,
confide,confided,coffined,confined,confidence,,,,,,,,,,
contempt,competent,component,competence,noncompete,,,,,,,,,,
dawdle,dawdled,waddle,waddled,walled,,,,,,,,,,
definite,diffident,feinted,identified,indefinite,,,,,,,,,,
depot,opted,potted,toped,topped,,,,,,,,,,
devil,deviled,levied,lived,veiled,,,,,,,,,,
devote,devoted,devotee,voted,vetoed,,,,,,,,,,
dilemma,emailed,limeade,mailed,medial,,,,,,,,,,
dine,dined,indie,denied,indeed,,,,,,,,,,
doge,geode,dodge,dodged,dogged,,,,,,,,,,
dope,doped,epode,pooped,popped,,,,,,,,,,
electing,eliciting,intelligence,neglecting,telegenic,,,,,,,,,,
endow,endowed,owned,downed,wooden,,,,,,,,,,
enlighten,enlightening,lenghening,lighten,lightening,,,,,,,,,,
enticed,incited,incident/ce,indecent,indicted,,,,,,,,,,
fair,friar,affair,raffia,riff/raff,,,,,,,,,,
farting,graffitiing,grafting,rafting,tariffing,,,,,,,,,,
fiance,fiancee,affiance,finance,caffeine,,,,,,,,,,
fiend,fined,finned,define,defined,,,,,,,,,,
firing,fringing,griffin,infringing,riffing,,,,,,,,,,
fling,flinging,filing,filling,infilling,,,,,,,,,,
geld,gelded,gelled,ledge,legged,,,,,,,,,,
gloving,involving,loving,nonliving,vlogging,,,,,,,,,,
head,headed,ahead,deadhead,deadheaded,,,,,,,,,,
idly,idyl,idyll,dilly,diddly,,,,,,,,,,
immigrant,immigrating,migrant,migrating,marinating,,,,,,,,,,
inkling,killing,kilning,liking,linking,,,,,,,,,,
impotent,omnipotent,pimento,pimiento,pentimento,,,,,,,,,,
intro,nitro,rotini,tortoni,triton,,,,,,,,,,
lathe,health,lethal,athlete,telehealth,,,,,,,,,,
lave,vale,veal,leave,valve,,,,,,,,,,
luna,ulna,annul,annual,lunula,,,,,,,,,,
martin,martini,martian,tamarin,trimaran,,,,,,,,,,
mated,matted,tamed,teamed,metadata,,,,,,,,,,
mote,motet,emote,tome,totem,,,,,,,,,,
nape,neap,pane,apnea,paean,,,,,,,,,,
note,tone,nonet,tenon,tonne,,,,,,,,,,
opining,pinioning,pogoing,pooping,popping,,,,,,,,,,
ought,tough,though,thought,outthought,,,,,,,,,,
outgoing,outgunning,outing,tonguing,touting,,,,,,,,,,
pall,palp,papal,palapa,appall,,,,,,,,,,
parol,polar,pallor,parlor,poplar,,,,,,,,,,
parrot,raptor,rapport,taproot,paratroop,,,,,,,,,,
petit,petite,pipet,pipette,tippet,,,,,,,,,,
pitted,pitied,peptide,tepid,tipped,,,,,,,,,,
riot,roti,tori,torii,trio,,,,,,,,,,
root,toro,tort,trot,rotor,,,,,,,,,,
rout,tour,trout,tutor,outro,,,,,,,,,,
taro,aorta,tarot,orator,rotator,,,,,,,,,,
tilde,tiled,tilled,tilted,titled,,,,,,,,,,
trail,trial,atrial,lariat,rattail,,,,,,,,,,
unlade,unladed,unladen,unleaded,annulled,,,,,,,,,,
united,untied,intuited,unedited,unintended,,,,,,,,,,
wing,winging,wining,wigging,winning,,,,,,,,,,
addling,dangling,dialing,lading,ladling,landing,,,,,,,,,
allying,allaying,gainly,inlaying,lallygagging,laying,,,,,,,,,
along,analog,gallon,lagoon,longan,nonagonal,,,,,,,,,
amble,blame,blamable,blameable,embalm,malleable,,,,,,,,,
angled,dangle,dangled,gladden,gladdened,gleaned,,,,,,,,,
anoint,nation,notation,annotation,initiation,intonation,,,,,,,,,
anticipate,capacitance,incapacitate,patience,picante,pittance,,,,,,,,,
aping,gaping,paging,napping,paining,panning,,,,,,,,,
arching,chagrin,chairing,charring,charging,ranching,,,,,,,,,
aril,lair,liar,lira,rail,rial,,,,,,,,,
arming,anagramming,grammarian,margin,marring,ramming,,,,,,,,,
baaing,bagging,banging,banning,gabbing,nabbing,,,,,,,,,
blobbed,blooded,bobbled,boodle,lobbed,lobed,,,,,,,,,
caned,canned,cadence,decadence,dance,danced,,,,,,,,,
capitol,optical,topical,political,apolitical,occipital,,,,,,,,,
catalytic,catalytically,cattily,tacitly,tactically,tactility,,,,,,,,,
chat,tach,catch,hatch,attach,thatch,,,,,,,,,
cheat,cheetah,attache,cachet,teach,hatchet,,,,,,,,,
cleat,eclat,acetal,cattle,lactate,lacteal,,,,,,,,,
cognition,incognito,concocting,connoting,cottoning,noticing,,,,,,,,,
cued,deuce,educe,educed,deduce,deduced,,,,,,,,,
daring,darning,dragging,draining,grading,raiding,,,,,,,,,
dean,addend,addenda,deaden,deadened,ennead,,,,,,,,,
defat,defatted,defeat,defeated,fated,fatted,,,,,,,,,
dominant,nondominant,damnation,domination,admonition,intimidation,,,,,,,,,
done,node,donee,odeon,donned,nodded,,,,,,,,,
dote,doted,dotted,toed,toted,tooted,,,,,,,,,
duffel,duffle,fuddle,fuddled,fueled,fluffed,,,,,,,,,
duple,puddle,puddled,puled,pulled,pulped,,,,,,,,,
dwell,dwelled,lewd,weld,welded,welled,,,,,,,,,
edition,intoned,noontide,dentition,detention,intentioned,,,,,,,,,
eland,laden,landed,leaden,leaned,annealed,,,,,,,,,
failing,falling,finagling,flailing,flagging,flanging,,,,,,,,,
feeding,feigned,fending,defending,defining,dignified,,,,,,,,,
foal,loaf,aloof,loofa,offal,falloff,,,,,,,,,
unfed,funded,defund,defunded,unfunded,undefended,,,,,,,,,
gale,algae,eagle,legal,allege,gaggle,,,,,,,,,
gelati,ligate,litigate,tagliatelle,tailgate,tillage,,,,,,,,,
gelid,gilded,glide,glided,giggled,gilled,,,,,,,,,
grin,grinning,ring,ringing,rigging,nigiri,,,,,,,,,
grind,grinding,girding,riding,ridding,ridging,,,,,,,,,
ignite,getting,netting,teeing,tenting,tingeing,,,,,,,,,
laten,leant,lateen,latent,talent,antenatal,,,,,,,,,
lite,tile,elite,title,little,tittle,,,,,,,,,
loop,plop,poll,polo,pool,lollop,,,,,,,,,
looted,toddle,toddled,tolled,tooled,tootled,,,,,,,,,
magenta,magnet,magnate,engagement,management,nametag,,,,,,,,,
native,naivete,attentive,inattentive,initiative,tentative,,,,,,,,,
night,thing,hinting,hitting,thinning,tithing,,,,,,,,,
owing,owning,gowning,wooing,wowing,winnowing,,,,,,,,,
paginal,paling,palling,pillaging,planing,planning,,,,,,,,,
paginating,painting,panting,patting,taping,tapping,,,,,,,,,
peeing,pigpen,peeping,pegging,penning,pepping,,,,,,,,,
pinot,pinto,piton,point,pinpoint,potion,,,,,,,,,
rant,arrant,rattan,tartan,tantra,tantara,,,,,,,,,
viable,available,believable,bivalve,livable,liveable,,,,,,,,,
wedding,wedging,weeding,wending,widening,winged,,,,,,,,,
additive,aviated,dative,deviate,deviated,titivated,vitiated,,,,,,,,
alleging,annealing,genial,gleaning,leaning,linage,lineage,,,,,,,,
analytic,analytical,analytically,analyticity,antically,intactly,titanically,,,,,,,,
ante,neat,eaten,neaten,tenant,antenna,antennae,,,,,,,,
antic,incant,intact,cantina,tannic,titanic,tactician,,,,,,,,
awing,awning,gnawing,waging,waning,wagging,wigwagging,,,,,,,,
bingo,boing,boning,booing,bobbing,bogging,gibbon,,,,,,,,
code,coded,coed,cooed,deco,decode,decoded,,,,,,,,
candle,candela,canceled,cancelled,cleaned,enlaced,lanced,,,,,,,,
cannoli,canonical,colonial,conical,laconic,oilcan,nonclinical,,,,,,,,
dame,dammed,edamame,edema,madame,made,mead,,,,,,,,
dent,dented,detente,netted,tend,tended,tented,,,,,,,,
dive,dived,vied,ivied,divide,divided,divvied,,,,,,,,
dole,doled,dolled,doodle,doodled,lode,lolled,,,,,,,,
eviction,convention,convection,convective,connective,convenient,inconvenient,,,,,,,,
glint,glinting,lilting,tiling,tilling,tilting,tingling,,,,,,,,
groin,gringo,goring,gorging,ignoring,ironing,origin,,,,,,,,
gutting,intuiting,tugging,tutting,tuning,untuning,uniting,,,,,,,,
inlet,intel,lentil,linnet,lintel,lenient,entitle,,,,,,,,
mate,meat,meta,tame,team,matte,teammate,,,,,,,,
mediate,mediated,meditate,meditated,admitted,imitated,immediate,,,,,,,,
noted,toned,denote,denoted,endnote,tendon,tenoned,,,,,,,,
paned,panned,napped,append,appended,deadpan,deadpanned,,,,,,,,
pend,pended,penned,deepen,deepened,depend,depended,,,,,,,,
ping,pining,piping,nipping,pigging,pinging,pinning,,,,,,,,
angelic,angelica,allegiance,canceling,cancelling,cleaning,enlacing,inelegance,,,,,,,
animating,imitating,intimating,maintaining,mating,matting,mitigating,taming,,,,,,,
abated,abetted,bated,batted,deadbeat,debate,debated,tabbed,,,,,,,
begin,beginning,binge,bingeing,being,benign,begging,ebbing,,,,,,,
bleat,ablate,ballet,battle,beatable,belate,tablet,table,,,,,,,
concocted,connected,connoted,contend,contended,contented,cottoned,docent,,,,,,,
demo,demoed,dome,domed,doomed,mode,modem,mooed,,,,,,,
dice,diced,iced,deice,deiced,decide,decided,deicide,,,,,,,
diet,dieted,edit,edited,tide,tided,tied,tidied,,,,,,,
dingo,doing,indigo,dodging,dogging,donning,nodding,noodging,,,,,,,
devein,deveined,veined,divine,divined,dividend,endive,envied,,,,,,,
duel,dueled,elude,eluded,delude,deluded,dulled,lulled,,,,,,,
eighteen,eighteenth,heighten,heightening,nightie,teething,tighten,tightening,,,,,,,
gain,again,gaining,gagging,ganging,aging,angina,nagging,,,,,,,
glopping,lolloping,looping,loping,lopping,plopping,polling,pooling,,,,,,,
glugging,gluing,gulling,luging,lugging,lulling,lunging,linguini,,,,,,,
inuring,inurning,ruing,ruining,running,unrig,unrigging,urging,,,,,,,
late,tale,teal,elate,latte,tattle,telltale,tattletale,,,,,,,
lodge,lodged,logged,ogled,goggled,googled,dogleg,doglegged,,,,,,,
part,prat,tarp,trap,apart,apparat,rapt,rattrap,,,,,,,
agitation,annotating,anointing,atoning,gigaton,intonating,notating,tangoing,tattooing,,,,,,
align,aligning,ailing,angling,galling,gangling,ganglia,lagging,nailing,,,,,,
attrition,initiator,irritation,narration,oration,ration,rotation,tarnation,titration,,,,,,
boiling,blobbing,bobbling,blogging,boggling,goblin,gobbling,lobbing,obliging,,,,,,
coned,conned,cocooned,concede,conceded,condone,condoned,encode,encoded,,,,,,
deign,deigned,dinged,deeding,needing,edging,ending,ginned,indigene,,,,,,
deli,diddle,diddled,elide,elided,idle,idled,lidded,lied,,,,,,
dune,nude,dunned,endue,endued,denude,denuded,undue,unneeded,,,,,,
gamin,gaming,aiming,imaging,imagining,maiming,manning,managing,naming,,,,,,
ingot,ignition,intoning,noting,toning,togging,tonging,tooting,toting,,,,,,
initialing,ligating,litigant,litigating,tailgating,tailing,tangling,tattling,titillating,,,,,,
leap,pale,peal,plea,apple,lapel,appeal,appellee,paella,,,,,,
lingo,login,ogling,oiling,logging,lolling,longing,goggling,googling,,,,,,
action,cation,contain,citation,coaction,inaction,catatonia,catatonic,connotation,incantation,,,,,
agitating,antiaging,attaining,gating,giant,initiating,tagging,tainting,tanning,tatting,,,,,
anted,attend,attended,attendee,attendant,antedate,antedated,andante,neatened,tanned,,,,,
bargain,bargaining,barging,baring,barraging,barring,bragging,braining,garbing,grabbing,,,,,
felid,filed,flied,filled,defile,defiled,fiddle,fiddled,field,fielded,,,,,
notice,conceit,tectonic,innocent/ce,nicotine,continent,continence,incontinent,incontinence,connection,contention,,,,
leapt,petal,plate,pleat,applet,palate,pallet,palette,palpate,patella,patellae,platelet,appellate,,
appalled,appealed,dapple,dappled,lapped,leaped,paddle,paddled,paled,palled,pealed,pedal,pedaled,plead,pleaded
airbag,,,,,,,,,,,,,,
airball,,,,,,,,,,,,,,
airdrop,,,,,,,,,,,,,,
airflow,,,,,,,,,,,,,,
airfoil,,,,,,,,,,,,,,
airplay,,,,,,,,,,,,,,
airtight,,,,,,,,,,,,,,
acidhead,,,,,,,,,,,,,,
anklebone,,,,,,,,,,,,,,
arrowroot,,,,,,,,,,,,,,
attagirl,,,,,,,,,,,,,,
axman,,,,,,,,,,,,,,
backtalk,,,,,,,,,,,,,,
babyproof,,,,,,,,,,,,,,
backache,,,,,,,,,,,,,,
backbit,,,,,,,,,,,,,,
backcomb,,,,,,,,,,,,,,
backfill,,,,,,,,,,,,,,
ballboy,,,,,,,,,,,,,,
ballcock,,,,,,,,,,,,,,
barroom,,,,,,,,,,,,,,
bathmat,,,,,,,,,,,,,,
bathroom,,,,,,,,,,,,,,
bathtub,,,,,,,,,,,,,,
beachcomb,,,,,,,,,,,,,,
beanball,,,,,,,,,,,,,,
bedfellow,,,,,,,,,,,,,,
begat,,,,,,,,,,,,,,
beget,,,,,,,,,,,,,,
begem,,,,,,,,,,,,,,
bellboy,,,,,,,,,,,,,,
bigeye,,,,,,,,,,,,,,
bigwig,,,,,,,,,,,,,,
biotech,,,,,,,,,,,,,,
birdbath,,,,,,,,,,,,,,
birdbrain,,,,,,,,,,,,,,
bookmark,,,,,,,,,,,,,,
bookrack,,,,,,,,,,,,,,
brickbat,,,,,,,,,,,,,,
cannonball,,,,,,,,,,,,,,
cardboard,,,,,,,,,,,,,,
carpark,,,,,,,,,,,,,,
carryall,,,,,,,,,,,,,,
catchall,,,,,,,,,,,,,,
catchup,,,,,,,,,,,,,,
cellblock,,,,,,,,,,,,,,
cellmate,,,,,,,,,,,,,,
chitchat,,,,,,,,,,,,,,
clockwork,,,,,,,,,,,,,,
cogwheel,,,,,,,,,,,,,,
coldcock,,,,,,,,,,,,,,
cooktop,,,,,,,,,,,,,,
cooldown,,,,,,,,,,,,,,
cornball,,,,,,,,,,,,,,
cottonmouth,,,,,,,,,,,,,,
cutback,,,,,,,,,,,,,,
cutoff,,,,,,,,,,,,,,
cutup,,,,,,,,,,,,,,
dartboard,,,,,,,,,,,,,,
deadwood,,,,,,,,,,,,,,
deadeye,,,,,,,,,,,,,,
diatom,,,,,,,,,,,,,,
dogtrot,,,,,,,,,,,,,,
dockyard,,,,,,,,,,,,,,
dogpile,,,,,,,,,,,,,,
dooryard,,,,,,,,,,,,,,
dotcom,,,,,,,,,,,,,,
downhill,,,,,,,,,,,,,,
downtown,,,,,,,,,,,,,,
drumroll,,,,,,,,,,,,,,
dumdum,,,,,,,,,,,,,,
ecocide,,,,,,,,,,,,,,
ecotype,,,,,,,,,,,,,,
egghead,,,,,,,,,,,,,,
enhalo,,,,,,,,,,,,,,
eyebolt,,,,,,,,,,,,,,
eyecup,,,,,,,,,,,,,,
eyelet,,,,,,,,,,,,,,
fallback,,,,,,,,,,,,,,
fanfic,,,,,,,,,,,,,,
farmland,,,,,,,,,,,,,,
fivefold,,,,,,,,,,,,,,
flatmate,,,,,,,,,,,,,,
flipflop,,,,,,,,,,,,,,
foldout,,,,,,,,,,,,,,
folktale,,,,,,,,,,,,,,
forthwith,,,,,,,,,,,,,,
gamecock,,,,,,,,,,,,,,
gangland,,,,,,,,,,,,,,
gigabit,,,,,,,,,,,,,,
haircut,,,,,,,,,,,,,,
halfwit,,,,,,,,,,,,,,
handball,,,,,,,,,,,,,,
handbill,,,,,,,,,,,,,,
hardhat,,,,,,,,,,,,,,
hayfork,,,,,,,,,,,,,,
headlamp,,,,,,,,,,,,,,
heehaw,,,,,,,,,,,,,,
helipad,,,,,,,,,,,,,,
hepcat,,,,,,,,,,,,,,
highchair,,,,,,,,,,,,,,
hologram,,,,,,,,,,,,,,
honeybee,,,,,,,,,,,,,,
honeybun,,,,,,,,,,,,,,
honeymoon,,,,,,,,,,,,,,
hyena,,,,,,,,,,,,,,
icefall,,,,,,,,,,,,,,
inflow,,,,,,,,,,,,,,
inkblot,,,,,,,,,,,,,,
kickback,,,,,,,,,,,,,,
kickball,,,,,,,,,,,,,,
kilobit,,,,,,,,,,,,,,
kiloton,,,,,,,,,,,,,,
landfall,,,,,,,,,,,,,,
landfill,,,,,,,,,,,,,,
landlady,,,,,,,,,,,,,,
laptop,,,,,,,,,,,,,,
letdown,,,,,,,,,,,,,,
lifeblood,,,,,,,,,,,,,,
lifetime,,,,,,,,,,,,,,
liftoff,,,,,,,,,,,,,,
locoweed,,,,,,,,,,,,,,
logotype,,,,,,,,,,,,,,
logroll,,,,,,,,,,,,,,
lollygag,,,,,,,,,,,,,,
lowdown,,,,,,,,,,,,,,
longbow,,,,,,,,,,,,,,
longhorn,,,,,,,,,,,,,,
lookbook,,,,,,,,,,,,,,
mailbag,,,,,,,,,,,,,,
malodor,,,,,,,,,,,,,,
mammogram,,,,,,,,,,,,,,
mammalogy,,,,,,,,,,,,,,
matchup,,,,,,,,,,,,,,
mayday,,,,,,,,,,,,,,
meetup,,,,,,,,,,,,,,
megaplex,,,,,,,,,,,,,,
menfolk,,,,,,,,,,,,,,
microcopy,,,,,,,,,,,,,,
microcrack,,,,,,,,,,,,,,
microfilm,,,,,,,,,,,,,,
midair,,,,,,,,,,,,,,
midrib,,,,,,,,,,,,,,
midtown,,,,,,,,,,,,,,
minicamp,,,,,,,,,,,,,,
mollycoddle,,,,,,,,,,,,,,
monoglot,,,,,,,,,,,,,,
monolog,,,,,,,,,,,,,,
monopod,,,,,,,,,,,,,,
monthlong,,,,,,,,,,,,,,
moonlit,,,,,,,,,,,,,,
moonroof,,,,,,,,,,,,,,
moonwalk,,,,,,,,,,,,,,
motorboat,,,,,,,,,,,,,,
motorway,,,,,,,,,,,,,,
mudroom,,,,,,,,,,,,,,
multimillion,,,,,,,,,,,,,,
namecheck,,,,,,,,,,,,,,
nametape,,,,,,,,,,,,,,
neonatal,,,,,,,,,,,,,,
nincompoop,,,,,,,,,,,,,,
nohow,,,,,,,,,,,,,,
nuthatch,,,,,,,,,,,,,,
oarlock,,,,,,,,,,,,,,
octopod,,,,,,,,,,,,,,
oddball,,,,,,,,,,,,,,
offload,,,,,,,,,,,,,,
oilcloth,,,,,,,,,,,,,,
onlay,,,,,,,,,,,,,,
outbound,,,,,,,,,,,,,,
packrat,,,,,,,,,,,,,,
paycheck,,,,,,,,,,,,,,
payday,,,,,,,,,,,,,,
payphone,,,,,,,,,,,,,,
payroll,,,,,,,,,,,,,,
peapod,,,,,,,,,,,,,,
photomap,,,,,,,,,,,,,,
piehole,,,,,,,,,,,,,,
pinewood,,,,,,,,,,,,,,
pintail,,,,,,,,,,,,,,
pitfall,,,,,,,,,,,,,,
poolroom,,,,,,,,,,,,,,
pothead,,,,,,,,,,,,,,
pothook,,,,,,,,,,,,,,
potlatch,,,,,,,,,,,,,,
potluck,,,,,,,,,,,,,,
ragtag,,,,,,,,,,,,,,
railroad,,,,,,,,,,,,,,
ramrod,,,,,,,,,,,,,,
razorback,,,,,,,,,,,,,,
roadmap,,,,,,,,,,,,,,
roadwork,,,,,,,,,,,,,,
robocall,,,,,,,,,,,,,,
rototill,,,,,,,,,,,,,,
runoff,,,,,,,,,,,,,,
taillamp,,,,,,,,,,,,,,
takeoff,,,,,,,,,,,,,,
tallboy,,,,,,,,,,,,,,
teabag,,,,,,,,,,,,,,
telethon,,,,,,,,,,,,,,
teletype,,,,,,,,,,,,,,
ticktock,,,,,,,,,,,,,,
tiepin,,,,,,,,,,,,,,
tinfoil,,,,,,,,,,,,,,
tinhorn,,,,,,,,,,,,,,
tintype,,,,,,,,,,,,,,
tipoff,,,,,,,,,,,,,,
tiptoe,,,,,,,,,,,,,,
tiptop,,,,,,,,,,,,,,
tollbooth,,,,,,,,,,,,,,
toolbit,,,,,,,,,,,,,,
toolkit,,,,,,,,,,,,,,
toothache,,,,,,,,,,,,,,
topcoat,,,,,,,,,,,,,,
trackpad,,,,,,,,,,,,,,
tramway,,,,,,,,,,,,,,
tricolor,,,,,,,,,,,,,,
tuneup,,,,,,,,,,,,,,
turnoff,,,,,,,,,,,,,,
typeface,,,,,,,,,,,,,,
upkeep,,,,,,,,,,,,,,
uptime,,,,,,,,,,,,,,
upturn,,,,,,,,,,,,,,
vanpool,,,,,,,,,,,,,,
warlord,,,,,,,,,,,,,,
whatnot,,,,,,,,,,,,,,
wigwag,,,,,,,,,,,,,,
wildland,,,,,,,,,,,,,,
wildwood,,,,,,,,,,,,,,
woodcock,,,,,,,,,,,,,,
woodwork,,,,,,,,,,,,,,
workload,,,,,,,,,,,,,,
workroom,,,,,,,,,,,,,,
worrywart,,,,,,,,,,,,,,
bobcat,,,,,,,,,,,,,,
catbird,,,,,,,,,,,,,,
catkin,,,,,,,,,,,,,,
catmint,,,,,,,,,,,,,,
catnap,,,,,,,,,,,,,,
tomcat,,,,,,,,,,,,,,
adobo,,,,,,,,,,,,,,
aioli,,,,,,,,,,,,,,
alcopop,,,,,,,,,,,,,,
almond,,,,,,,,,,,,,,
aloe,,,,,,,,,,,,,,
apron,,,,,,,,,,,,,,
arugula,,,,,,,,,,,,,,
babka,,,,,,,,,,,,,,
bacon,,,,,,,,,,,,,,
bialy,,,,,,,,,,,,,,
bibimbap,,,,,,,,,,,,,,
blin,,,,,,,,,,,,,,
blini,,,,,,,,,,,,,,
bologna,,,,,,,,,,,,,,
bombe,,,,,,,,,,,,,,
booze,,,,,,,,,,,,,,
bulgur,,,,,,,,,,,,,,
burgoo,,,,,,,,,,,,,,
burrata,,,,,,,,,,,,,,
capicola,,,,,,,,,,,,,,
capon,,,,,,,,,,,,,,
caraway,,,,,,,,,,,,,,
carpaccio,,,,,,,,,,,,,,
cava,,,,,,,,,,,,,,
celiac,,,,,,,,,,,,,,
challah,,,,,,,,,,,,,,
chocoholic,,,,,,,,,,,,,,
churro,,,,,,,,,,,,,,
chutney,,,,,,,,,,,,,,
ciabatta,,,,,,,,,,,,,,
cioppino,,,,,,,,,,,,,,
cockle,,,,,,,,,,,,,,
cortado,,,,,,,,,,,,,,
cuke,,,,,,,,,,,,,,
cumin,,,,,,,,,,,,,,
cuppa,,,,,,,,,,,,,,
curacao,,,,,,,,,,,,,,
currant,,,,,,,,,,,,,,
donut,,,,,,,,,,,,,,
eggcup,,,,,,,,,,,,,,
enoki,,,,,,,,,,,,,,
etouffee,,,,,,,,,,,,,,
farina,,,,,,,,,,,,,,
fennel,,,,,,,,,,,,,,
focaccia,,,,,,,,,,,,,,
fontina,,,,,,,,,,,,,,
foodie,,,,,,,,,,,,,,
fungi,,,,,,,,,,,,,,
galangal,,,,,,,,,,,,,,
ghee,,,,,,,,,,,,,,
grog,,,,,,,,,,,,,,
guava,,,,,,,,,,,,,,
halite,,,,,,,,,,,,,,
halva/h,,,,,,,,,,,,,,
hamachi,,,,,,,,,,,,,,
haute,,,,,,,,,,,,,,
hemlock,,,,,,,,,,,,,,
horchata,,,,,,,,,,,,,,
hotdog,,,,,,,,,,,,,,
imbibe,,,,,,,,,,,,,,
jelly,,,,,,,,,,,,,,
jellybean,,,,,,,,,,,,,,
julienne,,,,,,,,,,,,,,
kabob,,,,,,,,,,,,,,
kibble,,,,,,,,,,,,,,
korma,,,,,,,,,,,,,,
litchi,,,,,,,,,,,,,,
luncheon,,,,,,,,,,,,,,
lychee,,,,,,,,,,,,,,
macadamia,,,,,,,,,,,,,,
mahimahi,,,,,,,,,,,,,,
malt,,,,,,,,,,,,,,
manhattan,,,,,,,,,,,,,,
manna,,,,,,,,,,,,,,
mayo,,,,,,,,,,,,,,
meatloaf,,,,,,,,,,,,,,
meze/mezze,,,,,,,,,,,,,,
millet,,,,,,,,,,,,,,
mint,,,,,,,,,,,,,,
mirin,,,,,,,,,,,,,,
mochi,,,,,,,,,,,,,,
mung,,,,,,,,,,,,,,
niacin,,,,,,,,,,,,,,
nonfat,,,,,,,,,,,,,,
nutrition,,,,,,,,,,,,,,
oatmeal,,,,,,,,,,,,,,
okra,,,,,,,,,,,,,,
oleo,,,,,,,,,,,,,,
olio,,,,,,,,,,,,,,
onion,,,,,,,,,,,,,,
papaw,,,,,,,,,,,,,,
parch,,,,,,,,,,,,,,
pawpaw,,,,,,,,,,,,,,
paprika,,,,,,,,,,,,,,
paratha,,,,,,,,,,,,,,
peyote,,,,,,,,,,,,,,
phyllo,,,,,,,,,,,,,,
piccata,,,,,,,,,,,,,,
picnic,,,,,,,,,,,,,,
pilaf,,,,,,,,,,,,,,
tahini,,,,,,,,,,,,,,
tamari,,,,,,,,,,,,,,
tapa,,,,,,,,,,,,,,
tapioca,,,,,,,,,,,,,,
teapot,,,,,,,,,,,,,,
tempeh,,,,,,,,,,,,,,
thyme,,,,,,,,,,,,,,
tikka,,,,,,,,,,,,,,
tisane,,,,,,,,,,,,,,
toffee,,,,,,,,,,,,,,
tofu,,,,,,,,,,,,,,
umami,,,,,,,,,,,,,,
vomit,,,,,,,,,,,,,,
ziti,,,,,,,,,,,,,,
flatfoot,,,,,,,,,,,,,,
footfall,,,,,,,,,,,,,,
football,,,,,,,,,,,,,,
footnote,,,,,,,,,,,,,,
footwall,,,,,,,,,,,,,,
adagio,,,,,,,,,,,,,,
baht,,,,,,,,,,,,,,
balalaika,,,,,,,,,,,,,,
batik,,,,,,,,,,,,,,
bazaar,,,,,,,,,,,,,,
bibelot,,,,,,,,,,,,,,
borzoi,,,,,,,,,,,,,,
brava,,,,,,,,,,,,,,
campo,,,,,,,,,,,,,,
carioca,,,,,,,,,,,,,,
chateau,,,,,,,,,,,,,,
chateaux,,,,,,,,,,,,,,
chihuahua,,,,,,,,,,,,,,
chuppah,,,,,,,,,,,,,,
ciao,,,,,,,,,,,,,,
delft,,,,,,,,,,,,,,
dhoti,,,,,,,,,,,,,,
dirndl,,,,,,,,,,,,,,
divan,,,,,,,,,,,,,,
femme,,,,,,,,,,,,,,
finito,,,,,,,,,,,,,,
gavotte,,,,,,,,,,,,,,
gigue,,,,,,,,,,,,,,
griot,,,,,,,,,,,,,,
gulag,,,,,,,,,,,,,,
haka,,,,,,,,,,,,,,
hamartia,,,,,,,,,,,,,,
hangul,,,,,,,,,,,,,,
hiragana,,,,,,,,,,,,,,
iota,,,,,,,,,,,,,,
jinn/i,,,,,,,,,,,,,,
kabbalah,,,,,,,,,,,,,,
kente,,,,,,,,,,,,,,
kippa,,,,,,,,,,,,,,
kohl,,,,,,,,,,,,,,
kvell,,,,,,,,,,,,,,
largo,,,,,,,,,,,,,,
lento,,,,,,,,,,,,,,
mandala,,,,,,,,,,,,,,
manga,,,,,,,,,,,,,,
mantra,,,,,,,,,,,,,,
moolah,,,,,,,,,,,,,,
mullah,,,,,,,,,,,,,,
nada,,,,,,,,,,,,,,
naiad,,,,,,,,,,,,,,
nankeen,,,,,,,,,,,,,,
nepenthe,,,,,,,,,,,,,,
ninja,,,,,,,,,,,,,,
odeum,,,,,,,,,,,,,,
oread,,,,,,,,,,,,,,
ottoman,,,,,,,,,,,,,,
pampa,,,,,,,,,,,,,,
panama,,,,,,,,,,,,,,
pandit,,,,,,,,,,,,,,
pariah,,,,,,,,,,,,,,
pavane,,,,,,,,,,,,,,
tatami,,,,,,,,,,,,,,
tutti,,,,,,,,,,,,,,
veldt,,,,,,,,,,,,,,
vivace,,,,,,,,,,,,,,
armful,,,,,,,,,,,,,,
bottleful,,,,,,,,,,,,,,
doubtful,,,,,,,,,,,,,,
carful,,,,,,,,,,,,,,
earful,,,,,,,,,,,,,,
eyeful,,,,,,,,,,,,,,
gleeful,,,,,,,,,,,,,,
mouthful,,,,,,,,,,,,,,
needful,,,,,,,,,,,,,,
roomful,,,,,,,,,,,,,,
thoughtful,,,,,,,,,,,,,,
tubful,,,,,,,,,,,,,,
tubeful,,,,,,,,,,,,,,
girlhood,,,,,,,,,,,,,,
godhood,,,,,,,,,,,,,,
manhood,,,,,,,,,,,,,,
nationhood,,,,,,,,,,,,,,
widowhood,,,,,,,,,,,,,,
womanhood,,,,,,,,,,,,,,
beltline,,,,,,,,,,,,,,
hairline,,,,,,,,,,,,,,
linemen,,,,,,,,,,,,,,
offline,,,,,,,,,,,,,,
outline,,,,,,,,,,,,,,
adwoman,,,,,,,,,,,,,,
axman,,,,,,,,,,,,,,
bagman,,,,,,,,,,,,,,
bellman,,,,,,,,,,,,,,
boatman,,,,,,,,,,,,,,
bowman,,,,,,,,,,,,,,
frontman,,,,,,,,,,,,,,
gunman,,,,,,,,,,,,,,
hangman,,,,,,,,,,,,,,
henchman,,,,,,,,,,,,,,
lawman,,,,,,,,,,,,,,
madwoman,,,,,,,,,,,,,,
nobleman,,,,,,,,,,,,,,
noblewoman,,,,,,,,,,,,,,
taxman,,,,,,,,,,,,,,
wingman,,,,,,,,,,,,,,
workman,,,,,,,,,,,,,,
nonbeing,,,,,,,,,,,,,,
nonbelief,,,,,,,,,,,,,,
nonbinding,,,,,,,,,,,,,,
noncombatant,,,,,,,,,,,,,,
nonevent,,,,,,,,,,,,,,
nonfinite,,,,,,,,,,,,,,
nonpaid,,,,,,,,,,,,,,
nonpolar,,,,,,,,,,,,,,
nonroyal,,,,,,,,,,,,,,
nontoxic,,,,,,,,,,,,,,
achoo,,,,,,,,,,,,,,
anyhoo,,,,,,,,,,,,,,
bazoo,,,,,,,,,,,,,,
boom/y,,,,,,,,,,,,,,
bootee,,,,,,,,,,,,,,
bootie,,,,,,,,,,,,,,
cockapoo,,,,,,,,,,,,,,
cockatoo,,,,,,,,,,,,,,
coopt,,,,,,,,,,,,,,
cootie,,,,,,,,,,,,,,
doodad,,,,,,,,,,,,,,
footie,,,,,,,,,,,,,,
haboob,,,,,,,,,,,,,,
hobnob,,,,,,,,,,,,,,
hooey,,,,,,,,,,,,,,
hookah,,,,,,,,,,,,,,
hullo,,,,,,,,,,,,,,
hurrah/y,,,,,,,,,,,,,,
huzzah,,,,,,,,,,,,,,
kook,,,,,,,,,,,,,,
loonie,,,,,,,,,,,,,,
noogie,,,,,,,,,,,,,,
oompah,,,,,,,,,,,,,,
oomph,,,,,,,,,,,,,,
phooey,,,,,,,,,,,,,,
tattoo,,,,,,,,,,,,,,
toot,,,,,,,,,,,,,,
tootle,,,,,,,,,,,,,,
voodoo,,,,,,,,,,,,,,
whammo,,,,,,,,,,,,,,
woohoo,,,,,,,,,,,,,,
woot,,,,,,,,,,,,,,
yoohoo,,,,,,,,,,,,,,
callout,,,,,,,,,,,,,,
copout,,,,,,,,,,,,,,
cutout,,,,,,,,,,,,,,
dropout,,,,,,,,,,,,,,
handout,,,,,,,,,,,,,,
outback,,,,,,,,,,,,,,
outcrop,,,,,,,,,,,,,,
outcry,,,,,,,,,,,,,,
outdo,,,,,,,,,,,,,,
outdoor,,,,,,,,,,,,,,
outgo,,,,,,,,,,,,,,
outgrown,,,,,,,,,,,,,,
outgun,,,,,,,,,,,,,,
outlaw,,,,,,,,,,,,,,
outran,,,,,,,,,,,,,,
outtalk,,,,,,,,,,,,,,
outworn,,,,,,,,,,,,,,
rollout,,,,,,,,,,,,,,
tryout,,,,,,,,,,,,,,
abaci,,,,,,,,,,,,,,
annuli,,,,,,,,,,,,,,
calculi,,,,,,,,,,,,,,
cirri,,,,,,,,,,,,,,
cocci,,,,,,,,,,,,,,
cumuli,,,,,,,,,,,,,,
nautili,,,,,,,,,,,,,,
nimbi,,,,,,,,,,,,,,
oculi,,,,,,,,,,,,,,
odea,,,,,,,,,,,,,,
papillae,,,,,,,,,,,,,,
podia,,,,,,,,,,,,,,
taxa,,,,,,,,,,,,,,
tempi,,,,,,,,,,,,,,
unapt,,,,,,,,,,,,,,
unban,,,,,,,,,,,,,,
unbutton,,,,,,,,,,,,,,
uncheck,,,,,,,,,,,,,,
uncloak,,,,,,,,,,,,,,
uncock,,,,,,,,,,,,,,
uncuff,,,,,,,,,,,,,,
undid,,,,,,,,,,,,,,
undone,,,,,,,,,,,,,,
unfit,,,,,,,,,,,,,,
unfunny,,,,,,,,,,,,,,
uninventive,,,,,,,,,,,,,,
unkept,,,,,,,,,,,,,,
unkinking,,,,,,,,,,,,,,
unknown,,,,,,,,,,,,,,
unman,,,,,,,,,,,,,,
unmet,,,,,,,,,,,,,,
unmute,,,,,,,,,,,,,,
unopen,,,,,,,,,,,,,,
unpen,,,,,,,,,,,,,,
unroll,,,,,,,,,,,,,,
unquote,,,,,,,,,,,,,,
unquoted,,,,,,,,,,,,,,
unroof,,,,,,,,,,,,,,
untune,,,,,,,,,,,,,,
unwon,,,,,,,,,,,,,,
alleyway,,,,,,,,,,,,,,
hallway,,,,,,,,,,,,,,
leeway,,,,,,,,,,,,,,
thataway,,,,,,,,,,,,,,
trackway,,,,,,,,,,,,,,
aargh,,,,,,,,,,,,,,
abandon,,,,,,,,,,,,,,
aboil,,,,,,,,,,,,,,
abloom,,,,,,,,,,,,,,
accord,,,,,,,,,,,,,,
accrual,,,,,,,,,,,,,,
acetic,,,,,,,,,,,,,,
acidy,,,,,,,,,,,,,,
acquaint,,,,,,,,,,,,,,
actuary,,,,,,,,,,,,,,
acuity,,,,,,,,,,,,,,
adamant,,,,,,,,,,,,,,
admin,,,,,,,,,,,,,,
affirm,,,,,,,,,,,,,,
afflict,,,,,,,,,,,,,,
afford,,,,,,,,,,,,,,
afoot,,,,,,,,,,,,,,
agitate,,,,,,,,,,,,,,
agora,,,,,,,,,,,,,,
airily,,,,,,,,,,,,,,
alarm,,,,,,,,,,,,,,
alarum,,,,,,,,,,,,,,
album,,,,,,,,,,,,,,
aleph,,,,,,,,,,,,,,
alkali,,,,,,,,,,,,,,
allele,,,,,,,,,,,,,,
allocable,,,,,,,,,,,,,,
alluvial,,,,,,,,,,,,,,
alpha,,,,,,,,,,,,,,
altar,,,,,,,,,,,,,,
amatory,,,,,,,,,,,,,,
amoeba,,,,,,,,,,,,,,
amoebae,,,,,,,,,,,,,,
amour,,,,,,,,,,,,,,
anaconda,,,,,,,,,,,,,,
anagram,,,,,,,,,,,,,,
anally,,,,,,,,,,,,,,
analogy,,,,,,,,,,,,,,
anarchic,,,,,,,,,,,,,,
ancient,,,,,,,,,,,,,,
anion,,,,,,,,,,,,,,
anonym,,,,,,,,,,,,,,
anoxia,,,,,,,,,,,,,,
aortal,,,,,,,,,,,,,,
apathy,,,,,,,,,,,,,,
aphid,,,,,,,,,,,,,,
apogee,,,,,,,,,,,,,,
apology,,,,,,,,,,,,,,
arctic,,,,,,,,,,,,,,
array,,,,,,,,,,,,,,
arroyo,,,,,,,,,,,,,,
arum,,,,,,,,,,,,,,
ataxia,,,,,,,,,,,,,,
athrob,,,,,,,,,,,,,,
attempt,,,,,,,,,,,,,,
attractant,,,,,,,,,,,,,,
audit,,,,,,,,,,,,,,
aurora/l,,,,,,,,,,,,,,
avatar,,,,,,,,,,,,,,
aviary,,,,,,,,,,,,,,
avocet,,,,,,,,,,,,,,
awkward,,,,,,,,,,,,,,
baccarat,,,,,,,,,,,,,,
baggage,,,,,,,,,,,,,,
bailiff,,,,,,,,,,,,,,
bailor,,,,,,,,,,,,,,
balloon,,,,,,,,,,,,,,
bambino,,,,,,,,,,,,,,
bamboozle,,,,,,,,,,,,,,
banal,,,,,,,,,,,,,,
banally,,,,,,,,,,,,,,
banyan,,,,,,,,,,,,,,
bayou,,,,,,,,,,,,,,
bebop,,,,,,,,,,,,,,
befallen,,,,,,,,,,,,,,
beheld,,,,,,,,,,,,,,
belief,,,,,,,,,,,,,,
belly,,,,,,,,,,,,,,
betake,,,,,,,,,,,,,,
betook,,,,,,,,,,,,,,
bevel,,,,,,,,,,,,,,
biaxial,,,,,,,,,,,,,,
bicep,,,,,,,,,,,,,,
bight,,,,,,,,,,,,,,
bikini,,,,,,,,,,,,,,
bilingual,,,,,,,,,,,,,,
billow,,,,,,,,,,,,,,
biome,,,,,,,,,,,,,,
biota,,,,,,,,,,,,,,
biotic,,,,,,,,,,,,,,
birth,,,,,,,,,,,,,,
bland,,,,,,,,,,,,,,
blatant,,,,,,,,,,,,,,
blech,,,,,,,,,,,,,,
blind,,,,,,,,,,,,,,
bloom,,,,,,,,,,,,,,
bobbin,,,,,,,,,,,,,,
bobolink,,,,,,,,,,,,,,
bocce,,,,,,,,,,,,,,
bocci,,,,,,,,,,,,,,
boffo,,,,,,,,,,,,,,
boink,,,,,,,,,,,,,,
bollard,,,,,,,,,,,,,,
bollix,,,,,,,,,,,,,,
boric,,,,,,,,,,,,,,
botch,,,,,,,,,,,,,,
bourg,,,,,,,,,,,,,,
bovid,,,,,,,,,,,,,,
bowwow,,,,,,,,,,,,,,
brogan,,,,,,,,,,,,,,
bubba,,,,,,,,,,,,,,
built,,,,,,,,,,,,,,
bulgy,,,,,,,,,,,,,,
bunion,,,,,,,,,,,,,,
burgh,,,,,,,,,,,,,,
cabbie,,,,,,,,,,,,,,
caddie,,,,,,,,,,,,,,
calculate,,,,,,,,,,,,,,
calico,,,,,,,,,,,,,,
cameo,,,,,,,,,,,,,,
canard,,,,,,,,,,,,,,
canine,,,,,,,,,,,,,,
capacity,,,,,,,,,,,,,,
carroty,,,,,,,,,,,,,,
catalpa,,,,,,,,,,,,,,
celeb,,,,,,,,,,,,,,
celibacy,,,,,,,,,,,,,,
cello,,,,,,,,,,,,,,
cement,,,,,,,,,,,,,,
chancy,,,,,,,,,,,,,,
chaotic,,,,,,,,,,,,,,
cheapie,,,,,,,,,,,,,,
cheep,,,,,,,,,,,,,,
chemo,,,,,,,,,,,,,,
chino,,,,,,,,,,,,,,
chirp,,,,,,,,,,,,,,
chitin,,,,,,,,,,,,,,
chlorophyll,,,,,,,,,,,,,,
church,,,,,,,,,,,,,,
churchy,,,,,,,,,,,,,,
chyme,,,,,,,,,,,,,,
cicely,,,,,,,,,,,,,,
cigar,,,,,,,,,,,,,,
cinquain,,,,,,,,,,,,,,
circa,,,,,,,,,,,,,,
circuit,,,,,,,,,,,,,,
citizen,,,,,,,,,,,,,,
civic,,,,,,,,,,,,,,
civil,,,,,,,,,,,,,,
clayey,,,,,,,,,,,,,,
clench,,,,,,,,,,,,,,
cloche,,,,,,,,,,,,,,
clown,,,,,,,,,,,,,,
cochair,,,,,,,,,,,,,,
cochlea/ae,,,,,,,,,,,,,,
cockade,,,,,,,,,,,,,,
cockpit,,,,,,,,,,,,,,
collab,,,,,,,,,,,,,,
collectible,,,,,,,,,,,,,,
colonic,,,,,,,,,,,,,,
color,,,,,,,,,,,,,,
comic,,,,,,,,,,,,,,
commit,,,,,,,,,,,,,,
commode,,,,,,,,,,,,,,
companion,,,,,,,,,,,,,,
compel,,,,,,,,,,,,,,
concept,,,,,,,,,,,,,,
concur,,,,,,,,,,,,,,
condom,,,,,,,,,,,,,,
confront,,,,,,,,,,,,,,
continuum,,,,,,,,,,,,,,
contort,,,,,,,,,,,,,,
coulee,,,,,,,,,,,,,,
cracky,,,,,,,,,,,,,,
cultic,,,,,,,,,,,,,,
cultural,,,,,,,,,,,,,,
cupid,,,,,,,,,,,,,,
cryonic,,,,,,,,,,,,,,
curium,,,,,,,,,,,,,,
cyanide,,,,,,,,,,,,,,
cynic,,,,,,,,,,,,,,
dahlia,,,,,,,,,,,,,,
dandify,,,,,,,,,,,,,,
decency,,,,,,,,,,,,,,
deckle,,,,,,,,,,,,,,
decoct,,,,,,,,,,,,,,
decoy,,,,,,,,,,,,,,
demented,,,,,,,,,,,,,,
denounce,,,,,,,,,,,,,,
diacritic,,,,,,,,,,,,,,
dialyze,,,,,,,,,,,,,,
diffract,,,,,,,,,,,,,,
digit,,,,,,,,,,,,,,
diorama,,,,,,,,,,,,,,
dirty,,,,,,,,,,,,,,
dollar,,,,,,,,,,,,,,
dormitory,,,,,,,,,,,,,,
dotard,,,,,,,,,,,,,,
droid,,,,,,,,,,,,,,
duded,,,,,,,,,,,,,,
dullard,,,,,,,,,,,,,,
dwindle,,,,,,,,,,,,,,
effigy,,,,,,,,,,,,,,
ejecta,,,,,,,,,,,,,,
elective,,,,,,,,,,,,,,
elegiac,,,,,,,,,,,,,,
elegize,,,,,,,,,,,,,,
eleven,,,,,,,,,,,,,,
email,,,,,,,,,,,,,,
embezzle,,,,,,,,,,,,,,
emblem,,,,,,,,,,,,,,
emcee/d,,,,,,,,,,,,,,
encamp,,,,,,,,,,,,,,
enfeeble,,,,,,,,,,,,,,
enjoin,,,,,,,,,,,,,,
enjoy,,,,,,,,,,,,,,
ennui,,,,,,,,,,,,,,
ethyl,,,,,,,,,,,,,,
eunuch,,,,,,,,,,,,,,
epitaph,,,,,,,,,,,,,,
epithet,,,,,,,,,,,,,,
evading,,,,,,,,,,,,,,
execute,,,,,,,,,,,,,,
exeunt,,,,,,,,,,,,,,
extenuate,,,,,,,,,,,,,,
facial,,,,,,,,,,,,,,
facticity,,,,,,,,,,,,,,
fallacy,,,,,,,,,,,,,,
fanfic,,,,,,,,,,,,,,
farad,,,,,,,,,,,,,,
farcical,,,,,,,,,,,,,,
faunae/l,,,,,,,,,,,,,,
figgy,,,,,,,,,,,,,,
filth,,,,,,,,,,,,,,
flagella,,,,,,,,,,,,,,
fleecy,,,,,,,,,,,,,,
flout,,,,,,,,,,,,,,
fluid,,,,,,,,,,,,,,
fortify,,,,,,,,,,,,,,
fragrant,,,,,,,,,,,,,,
fulfill,,,,,,,,,,,,,,
fungo,,,,,,,,,,,,,,
funnel,,,,,,,,,,,,,,
gambit,,,,,,,,,,,,,,
gantry,,,,,,,,,,,,,,
gargantuan,,,,,,,,,,,,,,
gemology,,,,,,,,,,,,,,
giftee,,,,,,,,,,,,,,
giggly,,,,,,,,,,,,,,
gimme,,,,,,,,,,,,,,
glacial,,,,,,,,,,,,,,
glorify,,,,,,,,,,,,,,
glutei,,,,,,,,,,,,,,
golem,,,,,,,,,,,,,,
gorgon,,,,,,,,,,,,,,
gouge,,,,,,,,,,,,,,
gradual,,,,,,,,,,,,,,
graffiti,,,,,,,,,,,,,,
graphic,,,,,,,,,,,,,,
grinch,,,,,,,,,,,,,,
grody,,,,,,,,,,,,,,
groom,,,,,,,,,,,,,,
grotto,,,,,,,,,,,,,,
guano,,,,,,,,,,,,,,
guild,,,,,,,,,,,,,,
gullably,,,,,,,,,,,,,,
haggle,,,,,,,,,,,,,,
halogen,,,,,,,,,,,,,,
halve,,,,,,,,,,,,,,
hamate,,,,,,,,,,,,,,
harbor,,,,,,,,,,,,,,
harridan,,,,,,,,,,,,,,
haulage,,,,,,,,,,,,,,
havoc,,,,,,,,,,,,,,
hawthorn,,,,,,,,,,,,,,
healable,,,,,,,,,,,,,,
heinie,,,,,,,,,,,,,,
helve,,,,,,,,,,,,,,
hematite,,,,,,,,,,,,,,
henge,,,,,,,,,,,,,,
heptane,,,,,,,,,,,,,,
hiatal,,,,,,,,,,,,,,
hiccup,,,,,,,,,,,,,,
hilled,,,,,,,,,,,,,,
hinny,,,,,,,,,,,,,,
hippie,,,,,,,,,,,,,,
hippo,,,,,,,,,,,,,,
hoard,,,,,,,,,,,,,,
hobbit,,,,,,,,,,,,,,
hoedown,,,,,,,,,,,,,,
hogan,,,,,,,,,,,,,,
homey,,,,,,,,,,,,,,
honorary,,,,,,,,,,,,,,
hoodie,,,,,,,,,,,,,,
horal,,,,,,,,,,,,,,
horror,,,,,,,,,,,,,,
hotel,,,,,,,,,,,,,,
hotly,,,,,,,,,,,,,,
hotrod,,,,,,,,,,,,,,
hottie,,,,,,,,,,,,,,
hubbub,,,,,,,,,,,,,,
hunch,,,,,,,,,,,,,,
hutch,,,,,,,,,,,,,,
hymnary,,,,,,,,,,,,,,
hyphen,,,,,,,,,,,,,,
iambi,,,,,,,,,,,,,,
iambic,,,,,,,,,,,,,,
idiocy,,,,,,,,,,,,,,
idiom,,,,,,,,,,,,,,
idiotic,,,,,,,,,,,,,,
ilium,,,,,,,,,,,,,,
immunizing,,,,,,,,,,,,,,
impalpable,,,,,,,,,,,,,,
impend,,,,,,,,,,,,,,
impenitent,,,,,,,,,,,,,,
inane,,,,,,,,,,,,,,
inanity,,,,,,,,,,,,,,
incidence,,,,,,,,,,,,,,
indebted,,,,,,,,,,,,,,
indict,,,,,,,,,,,,,,
indignant,,,,,,,,,,,,,,
indium,,,,,,,,,,,,,,
infamy,,,,,,,,,,,,,,
infantry,,,,,,,,,,,,,,
infill,,,,,,,,,,,,,,
inhibit,,,,,,,,,,,,,,
inhibition,,,,,,,,,,,,,,
inhibitor,,,,,,,,,,,,,,
initial,,,,,,,,,,,,,,
innocence,,,,,,,,,,,,,,
inutile,,,,,,,,,,,,,,
invalid,,,,,,,,,,,,,,
ionization,,,,,,,,,,,,,,
irrupt,,,,,,,,,,,,,,
itemize,,,,,,,,,,,,,,
jackpot,,,,,,,,,,,,,,
jenny,,,,,,,,,,,,,,
jillion,,,,,,,,,,,,,,
joggling,,,,,,,,,,,,,,
jojoba,,,,,,,,,,,,,,
jollily,,,,,,,,,,,,,,
junco,,,,,,,,,,,,,,
jugging,,,,,,,,,,,,,,
kapok,,,,,,,,,,,,,,
kappa,,,,,,,,,,,,,,
karmic,,,,,,,,,,,,,,
kayak,,,,,,,,,,,,,,
keepable,,,,,,,,,,,,,,
keloid,,,,,,,,,,,,,,
kente,,,,,,,,,,,,,,
ketch,,,,,,,,,,,,,,
khaki,,,,,,,,,,,,,,
kiddo,,,,,,,,,,,,,,
kinkily,,,,,,,,,,,,,,
kowtow,,,,,,,,,,,,,,
krill,,,,,,,,,,,,,,
ladybug,,,,,,,,,,,,,,
laggard,,,,,,,,,,,,,,
laity,,,,,,,,,,,,,,
lampoon,,,,,,,,,,,,,,
lanolin,,,,,,,,,,,,,,
lanyard,,,,,,,,,,,,,,
laudably,,,,,,,,,,,,,,
leanly,,,,,,,,,,,,,,
legalize,,,,,,,,,,,,,,
legion,,,,,,,,,,,,,,
leitmotif,,,,,,,,,,,,,,
libidinal,,,,,,,,,,,,,,
libido,,,,,,,,,,,,,,
limpet,,,,,,,,,,,,,,
litho,,,,,,,,,,,,,,
livid,,,,,,,,,,,,,,
loath,,,,,,,,,,,,,,
locale,,,,,,,,,,,,,,
loggia,,,,,,,,,,,,,,
longboat,,,,,,,,,,,,,,
lorry,,,,,,,,,,,,,,
lotion,,,,,,,,,,,,,,
lovably,,,,,,,,,,,,,,
lovage,,,,,,,,,,,,,,
lullaby,,,,,,,,,,,,,,
lunate,,,,,,,,,,,,,,
macadam,,,,,,,,,,,,,,
machete,,,,,,,,,,,,,,
madam,,,,,,,,,,,,,,
mafia,,,,,,,,,,,,,,
magazine,,,,,,,,,,,,,,
maintain,,,,,,,,,,,,,,
malaprop,,,,,,,,,,,,,,
mallard,,,,,,,,,,,,,,
mamba,,,,,,,,,,,,,,
mammoth,,,,,,,,,,,,,,
manta,,,,,,,,,,,,,,
marimba,,,,,,,,,,,,,,
martyr,,,,,,,,,,,,,,
matron,,,,,,,,,,,,,,
mayfly,,,,,,,,,,,,,,
mayhem,,,,,,,,,,,,,,
maypole,,,,,,,,,,,,,,
medic,,,,,,,,,,,,,,
melee,,,,,,,,,,,,,,
melodeon,,,,,,,,,,,,,,
menace,,,,,,,,,,,,,,
method,,,,,,,,,,,,,,
metonym/y,,,,,,,,,,,,,,
mezzo,,,,,,,,,,,,,,
micro,,,,,,,,,,,,,,
mildew,,,,,,,,,,,,,,
militia,,,,,,,,,,,,,,
mimeo,,,,,,,,,,,,,,
mimic,,,,,,,,,,,,,,
minion,,,,,,,,,,,,,,
minting,,,,,,,,,,,,,,
minyan,,,,,,,,,,,,,,
mirror,,,,,,,,,,,,,,
mitigate,,,,,,,,,,,,,,
mizzen,,,,,,,,,,,,,,
modicum,,,,,,,,,,,,,,
modulo,,,,,,,,,,,,,,
mohawk,,,,,,,,,,,,,,
moiety,,,,,,,,,,,,,,
mondo,,,,,,,,,,,,,,
monitor,,,,,,,,,,,,,,
monotony,,,,,,,,,,,,,,
month,,,,,,,,,,,,,,
mothy,,,,,,,,,,,,,,
motif,,,,,,,,,,,,,,
motor,,,,,,,,,,,,,,
murmur,,,,,,,,,,,,,,
muumuu,,,,,,,,,,,,,,
myelin,,,,,,,,,,,,,,
myeloma,,,,,,,,,,,,,,
mynah,,,,,,,,,,,,,,
napalm,,,,,,,,,,,,,,
napkin,,,,,,,,,,,,,,
natant,,,,,,,,,,,,,,
netizen,,,,,,,,,,,,,,
newton,,,,,,,,,,,,,,
nodal,,,,,,,,,,,,,,
nominee,,,,,,,,,,,,,,
novae,,,,,,,,,,,,,,
novelette,,,,,,,,,,,,,,
nubble,,,,,,,,,,,,,,
nubbin,,,,,,,,,,,,,,
nubile,,,,,,,,,,,,,,
nucleon,,,,,,,,,,,,,,
nudie,,,,,,,,,,,,,,
nudnik,,,,,,,,,,,,,,
numbat,,,,,,,,,,,,,,
nuncio,,,,,,,,,,,,,,
obedience,,,,,,,,,,,,,,
oblong,,,,,,,,,,,,,,
obtain,,,,,,,,,,,,,,
ocotillo,,,,,,,,,,,,,,
octad,,,,,,,,,,,,,,
oddity,,,,,,,,,,,,,,
oddment,,,,,,,,,,,,,,
odium,,,,,,,,,,,,,,
oenology,,,,,,,,,,,,,,
official,,,,,,,,,,,,,,
ogive,,,,,,,,,,,,,,
ollie,,,,,,,,,,,,,,
opioid,,,,,,,,,,,,,,
organza,,,,,,,,,,,,,,
otalgia,,,,,,,,,,,,,,
otology,,,,,,,,,,,,,,
ounce,,,,,,,,,,,,,,
ovular,,,,,,,,,,,,,,
palatable,,,,,,,,,,,,,,
panda,,,,,,,,,,,,,,
panic,,,,,,,,,,,,,,
papacy,,,,,,,,,,,,,,
parity,,,,,,,,,,,,,,
parlay,,,,,,,,,,,,,,
payee,,,,,,,,,,,,,,
payola,,,,,,,,,,,,,,
pebbly,,,,,,,,,,,,,,
pellicle,,,,,,,,,,,,,,
penult,,,,,,,,,,,,,,
peptic,,,,,,,,,,,,,,
pharaoh,,,,,,,,,,,,,,
phono,,,,,,,,,,,,,,
photog,,,,,,,,,,,,,,
phyla,,,,,,,,,,,,,,
piccolo,,,,,,,,,,,,,,
pinkie,,,,,,,,,,,,,,
pippin,,,,,,,,,,,,,,
piratic,,,,,,,,,,,,,,
placebo,,,,,,,,,,,,,,
pliable,,,,,,,,,,,,,,
polygamy,,,,,,,,,,,,,,
pompano,,,,,,,,,,,,,,
poorly,,,,,,,,,,,,,,
poppa,,,,,,,,,,,,,,
portly,,,,,,,,,,,,,,
portray,,,,,,,,,,,,,,
portrayal,,,,,,,,,,,,,,
powwow,,,,,,,,,,,,,,
pricy,,,,,,,,,,,,,,
primo,,,,,,,,,,,,,,
prior/y/ity,,,,,,,,,,,,,,
pronoun,,,,,,,,,,,,,,
puffin,,,,,,,,,,,,,,
purity,,,,,,,,,,,,,,
quiddity,,,,,,,,,,,,,,
quint,,,,,,,,,,,,,,
radar,,,,,,,,,,,,,,
rally,,,,,,,,,,,,,,
ramify,,,,,,,,,,,,,,
rarity,,,,,,,,,,,,,,
rayon,,,,,,,,,,,,,,
rhino,,,,,,,,,,,,,,
ribbit,,,,,,,,,,,,,,
ricin,,,,,,,,,,,,,,
rigor,,,,,,,,,,,,,,
roomy,,,,,,,,,,,,,,
round,,,,,,,,,,,,,,
tabard,,,,,,,,,,,,,,
talkie,,,,,,,,,,,,,,
tally,,,,,,,,,,,,,,
tampon,,,,,,,,,,,,,,
tangram,,,,,,,,,,,,,,
tanzanite,,,,,,,,,,,,,,
tautly,,,,,,,,,,,,,,
taxon,,,,,,,,,,,,,,
teetotal,,,,,,,,,,,,,,
teleology,,,,,,,,,,,,,,
template,,,,,,,,,,,,,,
temple,,,,,,,,,,,,,,
tenacity,,,,,,,,,,,,,,
tenancy,,,,,,,,,,,,,,
tenuity,,,,,,,,,,,,,,
textile,,,,,,,,,,,,,,
thence,,,,,,,,,,,,,,
tibiae/l,,,,,,,,,,,,,,
tidbit,,,,,,,,,,,,,,
timid,,,,,,,,,,,,,,
timpani,,,,,,,,,,,,,,
tinct,,,,,,,,,,,,,,
tithe,,,,,,,,,,,,,,
titillate,,,,,,,,,,,,,,
tobacco,,,,,,,,,,,,,,
toluene,,,,,,,,,,,,,,
tommyrot,,,,,,,,,,,,,,
tonnage,,,,,,,,,,,,,,
toothy,,,,,,,,,,,,,,
torridity,,,,,,,,,,,,,,
toupee,,,,,,,,,,,,,,
towhee,,,,,,,,,,,,,,
triad,,,,,,,,,,,,,,
trillion,,,,,,,,,,,,,,
trinity,,,,,,,,,,,,,,
tritium,,,,,,,,,,,,,,
trivia,,,,,,,,,,,,,,
troll,,,,,,,,,,,,,,
troth,,,,,,,,,,,,,,
truant,,,,,,,,,,,,,,
tubal,,,,,,,,,,,,,,
tuffet,,,,,,,,,,,,,,
tumult,,,,,,,,,,,,,,
tunic,,,,,,,,,,,,,,
tutee,,,,,,,,,,,,,,
tuxedo/ed,,,,,,,,,,,,,,
twain,,,,,,,,,,,,,,
twilight,,,,,,,,,,,,,,
twice,,,,,,,,,,,,,,
umpteen,,,,,,,,,,,,,,
uncap,,,,,,,,,,,,,,
uncle,,,,,,,,,,,,,,
unction,,,,,,,,,,,,,,
uncut,,,,,,,,,,,,,,
unitarian,,,,,,,,,,,,,,
uppity,,,,,,,,,,,,,,
utility,,,,,,,,,,,,,,
vaccine,,,,,,,,,,,,,,
vagal,,,,,,,,,,,,,,
vagina,,,,,,,,,,,,,,
vandal,,,,,,,,,,,,,,
vaxed/vaxxed,,,,,,,,,,,,,,
velvet/een,,,,,,,,,,,,,,
valid,,,,,,,,,,,,,,
vegetate,,,,,,,,,,,,,,
vegged,,,,,,,,,,,,,,
vetted,,,,,,,,,,,,,,
vibrant,,,,,,,,,,,,,,
vigil,,,,,,,,,,,,,,
vindictive,,,,,,,,,,,,,,
vinyl,,,,,,,,,,,,,,
violet,,,,,,,,,,,,,,
violin,,,,,,,,,,,,,,
vitamin,,,,,,,,,,,,,,
vivid,,,,,,,,,,,,,,
vivify,,,,,,,,,,,,,,
vocalic,,,,,,,,,,,,,,
voltage,,,,,,,,,,,,,,
votive,,,,,,,,,,,,,,
wahine,,,,,,,,,,,,,,
wallaroo,,,,,,,,,,,,,,
wanna,,,,,,,,,,,,,,
wannabe,,,,,,,,,,,,,,
warlock,,,,,,,,,,,,,,
warming,,,,,,,,,,,,,,
warrantor,,,,,,,,,,,,,,
warrior,,,,,,,,,,,,,,
warty,,,,,,,,,,,,,,
wayward,,,,,,,,,,,,,,
wedgie,,,,,,,,,,,,,,
white,,,,,,,,,,,,,,
wight,,,,,,,,,,,,,,
wigwam,,,,,,,,,,,,,,
within,,,,,,,,,,,,,,
wizen,,,,,,,,,,,,,,
wryly,,,,,,,,,,,,,,
yarrow,,,,,,,,,,,,,,
yogi,,,,,,,,,,,,,,
yogini,,,,,,,,,,,,,,
yttrium,,,,,,,,,,,,,,
zigzag,,,,,,,,,,,,,,
zillion,,,,,,,,,,,,,,
zinnia,,,,,,,,,,,,,,
zombie,,,,,,,,,,,,,,
zonal,,,,,,,,,,,,,,
aeon,,,,,,,,,,,,,,
afar,,,,,,,,,,,,,,
agog,,,,,,,,,,,,,,
ahem,,,,,,,,,,,,,,
airy,,,,,,,,,,,,,,
amyl,,,,,,,,,,,,,,
anon,,,,,,,,,,,,,,
aria,,,,,,,,,,,,,,
aura,,,,,,,,,,,,,,
auto,,,,,,,,,,,,,,
balk,,,,,,,,,,,,,,
bath,,,,,,,,,,,,,,
been,,,,,,,,,,,,,,
bilk,,,,,,,,,,,,,,
bill,,,,,,,,,,,,,,
blah,,,,,,,,,,,,,,
blam,,,,,,,,,,,,,,
bola,,,,,,,,,,,,,,
both,,,,,,,,,,,,,,
brig,,,,,,,,,,,,,,
brim,,,,,,,,,,,,,,
brio,,,,,,,,,,,,,,
carp,,,,,,,,,,,,,,
caul,,,,,,,,,,,,,,
cell,,,,,,,,,,,,,,
chap,,,,,,,,,,,,,,
char,,,,,,,,,,,,,,
chip,,,,,,,,,,,,,,
cite,,,,,,,,,,,,,,
city,,,,,,,,,,,,,,
clay,,,,,,,,,,,,,,
clop,,,,,,,,,,,,,,
crag,,,,,,,,,,,,,,
crap,,,,,,,,,,,,,,
curl,,,,,,,,,,,,,,
cute,,,,,,,,,,,,,,
dino,,,,,,,,,,,,,,
dint,,,,,,,,,,,,,,
dirt,,,,,,,,,,,,,,
dodo,,,,,,,,,,,,,,
dork,,,,,,,,,,,,,,
doth,,,,,,,,,,,,,,
dour,,,,,,,,,,,,,,
down,,,,,,,,,,,,,,
drat,,,,,,,,,,,,,,
dude,,,,,,,,,,,,,,
duff,,,,,,,,,,,,,,
dung,,,,,,,,,,,,,,
eave,,,,,,,,,,,,,,
echo,,,,,,,,,,,,,,
enow,,,,,,,,,,,,,,
even,,,,,,,,,,,,,,
expo,,,,,,,,,,,,,,
fiat,,,,,,,,,,,,,,
flak,,,,,,,,,,,,,,
folk,,,,,,,,,,,,,,
fool,,,,,,,,,,,,,,
foot,,,,,,,,,,,,,,
foul,,,,,,,,,,,,,,
fund,,,,,,,,,,,,,,
gaff,,,,,,,,,,,,,,
gaga,,,,,,,,,,,,,,
gage,,,,,,,,,,,,,,
gawp,,,,,,,,,,,,,,
geez,,,,,,,,,,,,,,
gene,,,,,,,,,,,,,,
gent,,,,,,,,,,,,,,
glen,,,,,,,,,,,,,,
glia,,,,,,,,,,,,,,
glug,,,,,,,,,,,,,,
goal,,,,,,,,,,,,,,
goby,,,,,,,,,,,,,,
goof,,,,,,,,,,,,,,
goth,,,,,,,,,,,,,,
gout,,,,,,,,,,,,,,
grog,,,,,,,,,,,,,,
guff,,,,,,,,,,,,,,
guru,,,,,,,,,,,,,,
hair,,,,,,,,,,,,,,
hand,,,,,,,,,,,,,,
hard,,,,,,,,,,,,,,
held,,,,,,,,,,,,,,
hemp,,,,,,,,,,,,,,
hind,,,,,,,,,,,,,,
hive,,,,,,,,,,,,,,
hiya,,,,,,,,,,,,,,
hoke,,,,,,,,,,,,,,
holt,,,,,,,,,,,,,,
hone,,,,,,,,,,,,,,
hoof,,,,,,,,,,,,,,
hued,,,,,,,,,,,,,,
hull,,,,,,,,,,,,,,
hype,,,,,,,,,,,,,,
iamb,,,,,,,,,,,,,,
ibex,,,,,,,,,,,,,,
iffy,,,,,,,,,,,,,,
infi,,,,,,,,,,,,,,
info,,,,,,,,,,,,,,
itty,,,,,,,,,,,,,,
jake,,,,,,,,,,,,,,
jell,,,,,,,,,,,,,,
joey,,,,,,,,,,,,,,
kelp,,,,,,,,,,,,,,
kilo,,,,,,,,,,,,,,
kith,,,,,,,,,,,,,,
koan,,,,,,,,,,,,,,
kudu,,,,,,,,,,,,,,
lamp,,,,,,,,,,,,,,
land,,,,,,,,,,,,,,
lava,,,,,,,,,,,,,,
lieu,,,,,,,,,,,,,,
loch,,,,,,,,,,,,,,
loft,,,,,,,,,,,,,,
loll,,,,,,,,,,,,,,
lout,,,,,,,,,,,,,,
lune,,,,,,,,,,,,,,
lynx,,,,,,,,,,,,,,
mage,,,,,,,,,,,,,,
magi,,,,,,,,,,,,,,
marm,,,,,,,,,,,,,,
meme,,,,,,,,,,,,,,
memo,,,,,,,,,,,,,,
mewl,,,,,,,,,,,,,,
mice,,,,,,,,,,,,,,
midi,,,,,,,,,,,,,,
mitt,,,,,,,,,,,,,,
mole,,,,,,,,,,,,,,
molt,,,,,,,,,,,,,,
moth,,,,,,,,,,,,,,
moue,,,,,,,,,,,,,,
mown,,,,,,,,,,,,,,
mutt,,,,,,,,,,,,,,
naif,,,,,,,,,,,,,,
nene,,,,,,,,,,,,,,
nook,,,,,,,,,,,,,,
noon,,,,,,,,,,,,,,
noun,,,,,,,,,,,,,,
nova,,,,,,,,,,,,,,
oath,,,,,,,,,,,,,,
oaty,,,,,,,,,,,,,,
obit,,,,,,,,,,,,,,
ogee,,,,,,,,,,,,,,
oily,,,,,,,,,,,,,,
omen,,,,,,,,,,,,,,
ooze,,,,,,,,,,,,,,
opal,,,,,,,,,,,,,,
oral,,,,,,,,,,,,,,
paid,,,,,,,,,,,,,,
palm,,,,,,,,,,,,,,
pant,,,,,,,,,,,,,,
papa,,,,,,,,,,,,,,
pawl,,,,,,,,,,,,,,
pelf,,,,,,,,,,,,,,
pfft,,,,,,,,,,,,,,
pica,,,,,,,,,,,,,,
pint,,,,,,,,,,,,,,
pith,,,,,,,,,,,,,,
plot,,,,,,,,,,,,,,
puce,,,,,,,,,,,,,,
quit,,,,,,,,,,,,,,
razz,,,,,,,,,,,,,,
rich,,,,,,,,,,,,,,
roan,,,,,,,,,,,,,,
roar,,,,,,,,,,,,,,
roll,,,,,,,,,,,,,,
roof,,,,,,,,,,,,,,
rook,,,,,,,,,,,,,,
ruff,,,,,,,,,,,,,,
tact,,,,,,,,,,,,,,
tall,,,,,,,,,,,,,,
tamp,,,,,,,,,,,,,,
taut,,,,,,,,,,,,,,
teat,,,,,,,,,,,,,,
text,,,,,,,,,,,,,,
than,,,,,,,,,,,,,,
that,,,,,,,,,,,,,,
thou,,,,,,,,,,,,,,
tiki,,,,,,,,,,,,,,
tint,,,,,,,,,,,,,,
toad,,,,,,,,,,,,,,
tony,,,,,,,,,,,,,,
toot,,,,,,,,,,,,,,
torn,,,,,,,,,,,,,,
tote,,,,,,,,,,,,,,
tout,,,,,,,,,,,,,,
trim,,,,,,,,,,,,,,
trod,,,,,,,,,,,,,,
tuft,,,,,,,,,,,,,,
tutu,,,,,,,,,,,,,,
twit,,,,,,,,,,,,,,
unto,,,,,,,,,,,,,,
updo,,,,,,,,,,,,,,
uric,,,,,,,,,,,,,,
vice,,,,,,,,,,,,,,
vine,,,,,,,,,,,,,,
viny,,,,,,,,,,,,,,
viol,,,,,,,,,,,,,,
vlog,,,,,,,,,,,,,,
volt,,,,,,,,,,,,,,
waif,,,,,,,,,,,,,,
warm,,,,,,,,,,,,,,
watt,,,,,,,,,,,,,,
waul,,,,,,,,,,,,,,
wend,,,,,,,,,,,,,,
wide,,,,,,,,,,,,,,
wood,,,,,,,,,,,,,,
yeah,,,,,,,,,,,,,,
yoga,,,,,,,,,,,,,,
yond,,,,,,,,,,,,,,
yowl,,,,,,,,,,,,,,
yeti,,,,,,,,,,,,,,
yuan,,,,,,,,,,,,,,
zeta,,,,,,,,,,,,,,
zine,,,,,,,,,,,,,,
